comparator,term,coef,std_err_hc3,t_stat,p_value,ci_lower_95,ci_upper_95
MeanSD,Intercept,0.14044448844884544,0.004553176315887444,30.845387638249605,6.459088980060516e-209,0.1315204268544453,0.1493685500432456
MeanSD,C(N)[T.15],-0.01797590759075999,0.004488386443271678,-4.00498215070291,6.202216420652049e-05,-0.026772983368270307,-0.009178831813249671
MeanSD,C(N)[T.20],-0.03075115511551169,0.004167462564601397,-7.3788677495781965,1.5964130622530586e-13,-0.038919231649049355,-0.022583078581974024
MeanSD,C(N)[T.25],-0.040674587458746476,0.004008928280083566,-10.146000281626046,3.45223385841588e-24,-0.04853194250431437,-0.03281723241317858
MeanSD,C(N)[T.30],-0.04843201320132042,0.003935226786387585,-12.307299129202027,8.274612175297163e-35,-0.05614491597363738,-0.04071911042900346
MeanSD,C(N)[T.40],-0.059093069306930944,0.003836034225314658,-15.40472942523961,1.5212451842340748e-53,-0.06661155823201068,-0.051574580381851205
MeanSD,C(N)[T.50],-0.06645610561056213,0.0038699628124286736,-17.17228532458591,4.282228446470951e-66,-0.07404109334443167,-0.058871117876692594
MeanSD,C(N)[T.75],-0.07767887788779,0.004020330314307344,-19.321516346890807,3.540946726235869e-83,-0.08555858050978699,-0.06979917526579302
MeanSD,C(N)[T.100],-0.08583432343234355,0.004209196545194238,-20.392092056224623,1.9655857834221934e-92,-0.09408419706477468,-0.07758444979991243
MeanSD,C(N)[T.200],-0.09699669966996712,0.004597555428474252,-21.097450847298756,8.394110372086291e-99,-0.10600774272670327,-0.08798565661323096
MeanSD,C(distribution)[T.Compressed Normal],-0.08320910891089064,0.0033669929815555587,-24.71318157379937,7.71801323529875e-135,-0.08980829389093867,-0.07660992393084262
MeanSD,C(distribution)[T.Left-skewed],-0.01817049504950483,0.0019364558016445336,-9.383377113009008,6.389277008052567e-21,-0.021965878678381755,-0.014375111420627903
MeanSD,C(distribution)[T.Normal],-0.07307603960396018,0.0019167939281045634,-38.12409802248382,0.0,-0.07683288666883019,-0.06931919253909018
MeanSD,C(distribution)[T.Right-skewed],-0.09319702970297015,0.0026749912477454603,-34.840125096304,6.008007317298232e-266,-0.09843991620751112,-0.08795414319842919
MeanSD,C(distribution)[T.Uniform],0.005770891089108852,0.002378072667467803,2.4267093129890593,0.015236458393371531,0.0011099543082528614,0.010431827869964841
MeanSD,C(CE)[T.15.0],-0.003437458745874741,0.0022730087658853746,-1.5122945399358343,0.13045894945634715,-0.00789247406355391,0.001017556571804429
MeanSD,C(CE)[T.20.0],-0.004538778877887988,0.002231262777482235,-2.0341749630267945,0.041933957951153365,-0.008911973561797978,-0.00016558419397799846
MeanSD,C(CE)[T.25.0],-0.0056920792079210684,0.0021581871452243883,-2.63743541449426,0.008353553106069932,-0.009922048284458185,-0.0014621101313839523
MeanSD,C(CE)[T.30.0],-0.005614686468647011,0.002635144974653557,-2.1306935757434653,0.033114394685241695,-0.010779475713009697,-0.0004498972242843258
MeanSD,C(Contamination)[T.0.01_upper],0.0008568646864683298,0.0063251590209373945,0.13546927178146134,0.8922408578345914,-0.011540219191057594,0.013253948563994252
MeanSD,C(Contamination)[T.0.05_lower],0.0003755445544549496,0.006325913013687594,0.059366063624708566,0.9526605426711039,-0.01202301712170597,0.012774106230615869
MeanSD,C(Contamination)[T.0.05_upper],0.009832805280527603,0.007058405421028042,1.3930632620271728,0.1636006613013371,-0.004001415132969635,0.02366702569402484
MeanSD,C(Contamination)[T.0.0_clean],-0.00018052805280505027,0.0061627078419848715,-0.029293625048255764,0.9766304111966749,-0.012259213470337956,0.011898157364727857
MeanSD,C(Contamination)[T.0.1_lower],0.004848283828382382,0.006511678078996051,0.7445521368786514,0.45654251177623006,-0.007914370685368844,0.017610938342133606
MeanSD,C(Contamination)[T.0.1_upper],0.11387023102310198,0.010857260706509024,10.487933752464448,9.815130988726594e-26,0.09259039106758239,0.13515007097862158
MeanSD,C(N)[T.15]:C(Contamination)[T.0.01_upper],-0.00289306930693021,0.005992216158384486,-0.4828045635306633,0.6292345102199415,-0.014637597164942763,0.008851458551082343
MeanSD,C(N)[T.20]:C(Contamination)[T.0.01_upper],-0.0017217821782175857,0.0056919940824125825,-0.3024919129023056,0.7622770974580569,-0.01287788557996136,0.009434321223526188
MeanSD,C(N)[T.25]:C(Contamination)[T.0.01_upper],-0.0017099009900985991,0.005497758514181396,-0.31101784221477385,0.7557870577204873,-0.012485309673592576,0.009065507693395378
MeanSD,C(N)[T.30]:C(Contamination)[T.0.01_upper],-0.0019280528052802624,0.00548813107954139,-0.35131318427645464,0.7253534049298043,-0.012684592063616313,0.008828486453055789
MeanSD,C(N)[T.40]:C(Contamination)[T.0.01_upper],-0.0013521452145210903,0.005493370722702179,-0.24614126422109964,0.8055728812368064,-0.01211895398474413,0.009414663555701948
MeanSD,C(N)[T.50]:C(Contamination)[T.0.01_upper],-0.0022686468646859605,0.0055497786742227774,-0.40878150244499156,0.6827000157537235,-0.013146013188331054,0.008608719458959132
MeanSD,C(N)[T.75]:C(Contamination)[T.0.01_upper],0.04947821782178274,0.0059313984350203575,8.341745772742533,7.320169684513654e-17,0.037852890511185594,0.06110354513237988
MeanSD,C(N)[T.100]:C(Contamination)[T.0.01_upper],0.04583828382838337,0.006128344478349436,7.479717236901982,7.448269500083449e-14,0.03382694936596357,0.05784961829080317
MeanSD,C(N)[T.200]:C(Contamination)[T.0.01_upper],0.0394221122112217,0.0067312443743304555,5.856586095961335,4.72478700035461e-09,0.026229115666396158,0.052615108756047246
MeanSD,C(N)[T.15]:C(Contamination)[T.0.05_lower],0.0030211221122117783,0.006363535988602399,0.47475524890923054,0.6349614333724316,-0.00945117923977341,0.015493423464196968
MeanSD,C(N)[T.20]:C(Contamination)[T.0.05_lower],0.0010313531353137444,0.0058854230887502275,0.17523857159651587,0.860892177477421,-0.010503864152417183,0.012566570423044673
MeanSD,C(N)[T.25]:C(Contamination)[T.0.05_lower],0.0013590759075912332,0.005631591981899058,0.2413306773572279,0.8092988363100402,-0.009678641552555465,0.01239679336773793
MeanSD,C(N)[T.30]:C(Contamination)[T.0.05_lower],0.002415841584158914,0.00556557089292108,0.434068962670416,0.6642383630906168,-0.008492476919370832,0.01332416008768866
MeanSD,C(N)[T.40]:C(Contamination)[T.0.05_lower],0.0012976897689774972,0.005476084033333814,0.23697404223131868,0.8126769280477919,-0.009435237712671615,0.01203061725062661
MeanSD,C(N)[T.50]:C(Contamination)[T.0.05_lower],-0.00014983498349783618,0.005423682014947823,-0.027626063453736163,0.9779603939657735,-0.010780056396393201,0.010480386429397527
MeanSD,C(N)[T.75]:C(Contamination)[T.0.05_lower],-0.0012237623762371575,0.005695379333836219,-0.2148693360891331,0.8298691927527563,-0.012386500748849871,0.009938975996375556
MeanSD,C(N)[T.100]:C(Contamination)[T.0.05_lower],-0.00016039603960355068,0.005883945726849026,-0.027259945460007845,0.9782524038790325,-0.011692717751215994,0.011371925672008891
MeanSD,C(N)[T.200]:C(Contamination)[T.0.05_lower],-0.0005828382838278461,0.006452390125229086,-0.0903290521056572,0.9280257342707836,-0.013229290543478744,0.012063613975823053
MeanSD,C(N)[T.15]:C(Contamination)[T.0.05_upper],0.09050330033003334,0.008624782736200152,10.493400598970528,9.263317608383898e-26,0.07359903679259822,0.10740756386746847
MeanSD,C(N)[T.20]:C(Contamination)[T.0.05_upper],0.08074488448844898,0.007316677244484582,11.035731355967034,2.5695241419440127e-28,0.06640446060275543,0.09508530837414253
MeanSD,C(N)[T.25]:C(Contamination)[T.0.05_upper],0.0748445544554459,0.006333922057009279,11.816462814319133,3.209140871407792e-32,0.062430295342823856,0.08725881356806794
MeanSD,C(N)[T.30]:C(Contamination)[T.0.05_upper],0.0722917491749177,0.005930783699098652,12.189240552796496,3.5471154014820476e-34,0.0606676267245871,0.08391587162524829
MeanSD,C(N)[T.40]:C(Contamination)[T.0.05_upper],0.06597260726072639,0.005578368848989431,11.82650503160577,2.8475290126987086e-32,0.05503920522422695,0.07690600929722582
MeanSD,C(N)[T.50]:C(Contamination)[T.0.05_upper],0.06218052805280562,0.005564306733231862,11.174892225376999,5.411602388436656e-29,0.05127468725673745,0.07308636884887379
MeanSD,C(N)[T.75]:C(Contamination)[T.0.05_upper],0.05584356435643593,0.006156654373260812,9.070440042723874,1.1853731341456548e-19,0.043776743519583716,0.06791038519328814
MeanSD,C(N)[T.100]:C(Contamination)[T.0.05_upper],0.05186567656765714,0.006722399226651495,7.715352037116671,1.2064875378508689e-14,0.0386900161937203,0.06504133694159399
MeanSD,C(N)[T.200]:C(Contamination)[T.0.05_upper],0.044514521452145725,0.00807358799183307,5.513598352699555,3.515704208339514e-08,0.028690579762137847,0.0603384631421536
MeanSD,C(N)[T.15]:C(Contamination)[T.0.0_clean],-0.0017603960396041652,0.006279330629213009,-0.2803477223216062,0.7792107409393807,-0.014067657919880898,0.010546865840672569
MeanSD,C(N)[T.20]:C(Contamination)[T.0.0_clean],-0.0011346534653469576,0.005795436652547024,-0.19578394750433362,0.844779274954299,-0.012493500579022498,0.010224193648328581
MeanSD,C(N)[T.25]:C(Contamination)[T.0.0_clean],-0.001745874587458977,0.0056204619291363635,-0.3106283094648142,0.7560832032813839,-0.012761777545044763,0.009270028370126809
MeanSD,C(N)[T.30]:C(Contamination)[T.0.0_clean],-0.0011749174917493898,0.005451799135119207,-0.21551004771633053,0.8293696791625097,-0.011860247447529651,0.00951041246403087
MeanSD,C(N)[T.40]:C(Contamination)[T.0.0_clean],-0.0009643564356437821,0.005365581580879136,-0.17973008537981727,0.8573644733156023,-0.011480703090278377,0.009551990218990811
MeanSD,C(N)[T.50]:C(Contamination)[T.0.0_clean],-0.001342574257425985,0.005403736392612562,-0.24845295178747354,0.803783967983319,-0.011933702968895,0.009248554454043031
MeanSD,C(N)[T.75]:C(Contamination)[T.0.0_clean],-0.0011821782178220303,0.005589507932948214,-0.21149951516366924,0.8324975104985457,-0.012137412457701453,0.009773056022057393
MeanSD,C(N)[T.100]:C(Contamination)[T.0.0_clean],-0.0012646864686471266,0.005814318954828446,-0.21751239972772388,0.8278090447263486,-0.01266054221473945,0.010131169277445196
MeanSD,C(N)[T.200]:C(Contamination)[T.0.0_clean],-0.001947854785478699,0.006398178457130032,-0.3044389584520012,0.7607934908962102,-0.01448805412811361,0.010592344557156214
MeanSD,C(N)[T.15]:C(Contamination)[T.0.1_lower],0.0019580858085811816,0.006587380230451693,0.2972480318548299,0.7662771539601853,-0.010952942195575298,0.01486911381273766
MeanSD,C(N)[T.20]:C(Contamination)[T.0.1_lower],-0.0006033003300327312,0.005950688366062843,-0.10138328423874313,0.9192462053436132,-0.012266435210737406,0.011059834550671943
MeanSD,C(N)[T.25]:C(Contamination)[T.0.1_lower],-0.0003313531353131684,0.005874270482560277,-0.05640753797376205,0.9550171520835596,-0.011844711716578036,0.0111820054459517
MeanSD,C(N)[T.30]:C(Contamination)[T.0.1_lower],0.0007706270627066291,0.005705335423025448,0.13507129827924788,0.892555502841643,-0.010411624886143842,0.0119528790115571
MeanSD,C(N)[T.40]:C(Contamination)[T.0.1_lower],0.00015412541254160647,0.005587712661919385,0.027582916636351207,0.9779948070311986,-0.010797590160778822,0.011105840985862035
MeanSD,C(N)[T.50]:C(Contamination)[T.0.1_lower],-0.0015396039603955765,0.005692453518704496,-0.2704640372269502,0.786803280390475,-0.012696607840724692,0.00961739991993354
MeanSD,C(N)[T.75]:C(Contamination)[T.0.1_lower],-0.0025346534653461505,0.005850600147134286,-0.4332296519336846,0.6648479391714668,-0.014001619041674091,0.008932312110981791
MeanSD,C(N)[T.100]:C(Contamination)[T.0.1_lower],-0.0006389438943891458,0.006101632552474198,-0.10471687517958705,0.9166004711271178,-0.012597923944135775,0.011320036155357484
MeanSD,C(N)[T.200]:C(Contamination)[T.0.1_lower],-0.0032013201320127607,0.006638974038199704,-0.48220103190535524,0.6296631438749756,-0.016213470141180627,0.009810829877155106
MeanSD,C(N)[T.15]:C(Contamination)[T.0.1_upper],-0.018811221122111935,0.0109968097485221,-1.7106071262749671,0.08715366257421381,-0.04036457217405422,0.002742129929830351
MeanSD,C(N)[T.20]:C(Contamination)[T.0.1_upper],-0.024351485148514877,0.01025856502176832,-2.3737710973066766,0.01760746222903507,-0.04445790312424314,-0.004245067172786613
MeanSD,C(N)[T.25]:C(Contamination)[T.0.1_upper],-0.030004290429042665,0.00979441362307707,-3.0634085493743264,0.002188310784505441,-0.04920098837996219,-0.010807592478123147
MeanSD,C(N)[T.30]:C(Contamination)[T.0.1_upper],-0.0339999999999999,0.0096304755569724,-3.5304590929971393,0.00041483915897534934,-0.052875385245659115,-0.015124614754340678
MeanSD,C(N)[T.40]:C(Contamination)[T.0.1_upper],-0.04168481848184783,0.009501708519071955,-4.387086637963847,1.1487903876977965e-05,-0.060307824970826276,-0.023061811992869385
MeanSD,C(N)[T.50]:C(Contamination)[T.0.1_upper],-0.04486138613861355,0.009546207225907039,-4.699393704430192,2.6093499164981654e-06,-0.06357160849034736,-0.026151163786879733
MeanSD,C(N)[T.75]:C(Contamination)[T.0.1_upper],-0.05056468646864655,0.010100394382427906,-5.0062091195781555,5.551244669924736e-07,-0.07036109568785592,-0.030768277249437172
MeanSD,C(N)[T.100]:C(Contamination)[T.0.1_upper],-0.0524966996699667,0.01032164239686816,-5.086080068603761,3.6553978145384896e-07,-0.07272674702912997,-0.03226665231080343
MeanSD,C(N)[T.200]:C(Contamination)[T.0.1_upper],-0.05801848184818448,0.011176905896140765,-5.190925143980811,2.0925174562023895e-07,-0.07992481486321376,-0.0361121488331552
MeanSD,C(distribution)[T.Compressed Normal]:C(Contamination)[T.0.01_upper],-0.010802772277227713,0.004361349436991304,-2.4769334430308922,0.013251661104110336,-0.01935086009772471,-0.0022546844567307156
MeanSD,C(distribution)[T.Left-skewed]:C(Contamination)[T.0.01_upper],-0.0074392079207921315,0.003423338253551374,-2.1730858506531425,0.029773856440022884,-0.014148827604651072,-0.0007295882369331907
MeanSD,C(distribution)[T.Normal]:C(Contamination)[T.0.01_upper],0.006242178217821525,0.0031779568370297632,1.9642111387691776,0.049505611604522985,1.349727282036299e-05,0.012470859162822687
MeanSD,C(distribution)[T.Right-skewed]:C(Contamination)[T.0.01_upper],0.013271287128712842,0.004391388469899834,3.0221164034289036,0.0025101400188082402,0.004664323885584713,0.02187825037184097
MeanSD,C(distribution)[T.Uniform]:C(Contamination)[T.0.01_upper],-8.316831683177067e-05,0.0034877390982633047,-0.023845911201667506,0.9809755186048201,-0.006919011336900052,0.006752674703236511
MeanSD,C(distribution)[T.Compressed Normal]:C(Contamination)[T.0.05_lower],-0.001769504950495048,0.004804979058336376,-0.36826486213817183,0.7126757502312345,-0.011187090851303528,0.007648080950313431
MeanSD,C(distribution)[T.Left-skewed]:C(Contamination)[T.0.05_lower],-0.0013815841584157546,0.0027308795198321173,-0.5059117944905488,0.6129185720906533,-0.006734009663404741,0.003970841346573232
MeanSD,C(distribution)[T.Normal]:C(Contamination)[T.0.05_lower],-0.0009451485148519315,0.0027106849001929684,-0.34867516869432086,0.7273331882257015,-0.006257993292666701,0.004367696262962837
MeanSD,C(distribution)[T.Right-skewed]:C(Contamination)[T.0.05_lower],-0.0009813861386136133,0.0037747368954798646,-0.25998795831009947,0.7948730621700825,-0.008379734504868681,0.006416962227641455
MeanSD,C(distribution)[T.Uniform]:C(Contamination)[T.0.05_lower],-9.841584158415601e-05,0.0034349686895854825,-0.028651161183082696,0.9771428080887629,-0.006830830761194446,0.006633999078026135
MeanSD,C(distribution)[T.Compressed Normal]:C(Contamination)[T.0.05_upper],-0.05684693069306935,0.006436047314598799,-8.832584335438963,1.0228455005603405e-18,-0.06946135163247873,-0.04423250975365997
MeanSD,C(distribution)[T.Left-skewed]:C(Contamination)[T.0.05_upper],-0.03508019801980193,0.003984678644044036,-8.803770932001473,1.322942691551028e-18,-0.04289002465209414,-0.02727037138750972
MeanSD,C(distribution)[T.Normal]:C(Contamination)[T.0.05_upper],0.005011287128712665,0.0038901714012963616,1.288191858858122,0.19767918522296168,-0.0026133087115159173,0.012635882968941248
MeanSD,C(distribution)[T.Right-skewed]:C(Contamination)[T.0.05_upper],0.020814455445544628,0.005169671210344965,4.026262908924087,5.6670324061897764e-05,0.010682086061354906,0.03094682482973435
MeanSD,C(distribution)[T.Uniform]:C(Contamination)[T.0.05_upper],0.006299207920791959,0.005456825628938186,1.1543722209825658,0.2483475989158419,-0.004395973781842014,0.016994389623425935
MeanSD,C(distribution)[T.Compressed Normal]:C(Contamination)[T.0.0_clean],0.00041722772277211673,0.004694853327745277,0.08886917090815531,0.9291858846334542,-0.008784515712306647,0.009618971157850882
MeanSD,C(distribution)[T.Left-skewed]:C(Contamination)[T.0.0_clean],0.00021861386138602023,0.0026301173565234197,0.0831194322351424,0.9337565746221426,-0.004936321432513576,0.005373549155285616
MeanSD,C(distribution)[T.Normal]:C(Contamination)[T.0.0_clean],0.000242970297029902,0.0026065085396781208,0.093216766157193,0.9257313549168907,-0.004865692566135305,0.005351633160195109
MeanSD,C(distribution)[T.Right-skewed]:C(Contamination)[T.0.0_clean],0.0006198019801979311,0.0036406464617660043,0.17024503387161566,0.8648174367103149,-0.006515733965306616,0.007755337925702478
MeanSD,C(distribution)[T.Uniform]:C(Contamination)[T.0.0_clean],0.0006673267326730958,0.0032745983020793417,0.20378888373860973,0.8385184800490709,-0.005750768003238426,0.007085421468584618
MeanSD,C(distribution)[T.Compressed Normal]:C(Contamination)[T.0.1_lower],-0.003941386138613885,0.00482301707886439,-0.8172034380483492,0.4138121781025518,-0.013394325910009667,0.005511553632781896
MeanSD,C(distribution)[T.Left-skewed]:C(Contamination)[T.0.1_lower],-0.001781188118812006,0.002749988295751806,-0.6477075271787859,0.5171741348579737,-0.007171066136392228,0.003608689898768216
MeanSD,C(distribution)[T.Normal]:C(Contamination)[T.0.1_lower],-0.0024203960396041472,0.002729919677720331,-0.8866180420463297,0.3752845768831865,-0.0077709402886231875,0.002930148209414893
MeanSD,C(distribution)[T.Right-skewed]:C(Contamination)[T.0.1_lower],-0.0009621782178217648,0.0038009921744016724,-0.2531387000219817,0.8001610342239278,-0.00841198598516763,0.006487629549524101
MeanSD,C(distribution)[T.Uniform]:C(Contamination)[T.0.1_lower],-0.0011007920792081164,0.003466344381169581,-0.3175656998156362,0.7508143958168318,-0.007894702224313276,0.0056931180658970435
MeanSD,C(distribution)[T.Compressed Normal]:C(Contamination)[T.0.1_upper],-0.061800792079208085,0.007375398402311317,-8.379315761415794,5.3236276714025255e-17,-0.07625630731937252,-0.047345276839043646
MeanSD,C(distribution)[T.Left-skewed]:C(Contamination)[T.0.1_upper],-0.039060198019802136,0.004288236749802616,-9.10868506073039,8.338645729333447e-20,-0.047464987606596364,-0.03065540843300791
MeanSD,C(distribution)[T.Normal]:C(Contamination)[T.0.1_upper],0.005168514851484941,0.004325743586526853,1.1948269119748611,0.23215466337406432,-0.0033097867844628145,0.013646816487432696
MeanSD,C(distribution)[T.Right-skewed]:C(Contamination)[T.0.1_upper],0.03137900990099006,0.006353760872092211,4.938651380289885,7.866469969000537e-07,0.018925867425309523,0.0438321523766706
MeanSD,C(distribution)[T.Uniform]:C(Contamination)[T.0.1_upper],0.005819405940593771,0.006019563935046045,0.9667487551237807,0.33366964765959506,-0.005978722574732684,0.017617534455920226
MeanSD,C(CE)[T.15.0]:C(Contamination)[T.0.01_upper],0.0014651815181518472,0.0036946634226098195,0.3965669806850441,0.6916868057290052,-0.005776225725160888,0.008706588761464584
MeanSD,C(CE)[T.20.0]:C(Contamination)[T.0.01_upper],0.0004836633663367275,0.003529884912004745,0.13701958516886553,0.8910153143912498,-0.00643478393076391,0.007402110663437366
MeanSD,C(CE)[T.25.0]:C(Contamination)[T.0.01_upper],0.0006757425742575341,0.003440605111792318,0.19640224678545537,0.8442953378276989,-0.0060677195298798154,0.007419204678394883
MeanSD,C(CE)[T.30.0]:C(Contamination)[T.0.01_upper],0.001351650165016587,0.00391192320049664,0.3455206290463441,0.7297030043807584,-0.006315578418243489,0.009018878748276664
MeanSD,C(CE)[T.15.0]:C(Contamination)[T.0.05_lower],0.002512046204620451,0.003302737014837225,0.760595286071924,0.44689883621484294,-0.003961199394867839,0.00898529180410874
MeanSD,C(CE)[T.20.0]:C(Contamination)[T.0.05_lower],0.0010856435643566927,0.0031147467049200553,0.34854955063980314,0.7274275078570765,-0.005019147798251423,0.007190434926964808
MeanSD,C(CE)[T.25.0]:C(Contamination)[T.0.05_lower],0.0018003300330035727,0.003094489247991315,0.5817858420972692,0.5607109416455509,-0.0042647574436058405,0.007865417509612987
MeanSD,C(CE)[T.30.0]:C(Contamination)[T.0.05_lower],0.0022834983498352173,0.0037184652619576992,0.6140969967359599,0.5391512327282435,-0.005004559641365171,0.009571556341035604
MeanSD,C(CE)[T.15.0]:C(Contamination)[T.0.05_upper],-0.0008900990099008543,0.004768381279814246,-0.18666691224312676,0.8519218002619877,-0.010235954582891787,0.008455756563090078
MeanSD,C(CE)[T.20.0]:C(Contamination)[T.0.05_upper],0.0004391089108913413,0.004552853251760759,0.09644697217542021,0.9231655875744391,-0.008484319489455817,0.009362537311238501
MeanSD,C(CE)[T.25.0]:C(Contamination)[T.0.05_upper],0.0012938943894392398,0.004402072352716411,0.2939284695402177,0.7688125629535648,-0.007334008879224427,0.009921797658102907
MeanSD,C(CE)[T.30.0]:C(Contamination)[T.0.05_upper],0.004303465346534821,0.005114971705122888,0.8413468528525182,0.40015365004499004,-0.00572169497744747,0.014328625670517112
MeanSD,C(CE)[T.15.0]:C(Contamination)[T.0.0_clean],0.0004904290429045796,0.0031682837634968283,0.15479328226689332,0.8769842873512418,-0.005719293026352222,0.006700151112161381
MeanSD,C(CE)[T.20.0]:C(Contamination)[T.0.0_clean],0.0008957095709573241,0.0030648019326210236,0.292256919255892,0.7700901949821742,-0.005111191836728635,0.0069026109786432845
MeanSD,C(CE)[T.25.0]:C(Contamination)[T.0.0_clean],0.0017551155115514356,0.003015166697830802,0.582095680750957,0.5605022343418132,-0.0041545026235815,0.007664733646684371
MeanSD,C(CE)[T.30.0]:C(Contamination)[T.0.0_clean],0.001548844884488572,0.0036500394370293752,0.4243364794296898,0.671320438617915,-0.005605100954239857,0.008702790723217002
MeanSD,C(CE)[T.15.0]:C(Contamination)[T.0.1_lower],0.0020897689768978613,0.0033489622257622483,0.6240049412388384,0.5326243400040485,-0.0044740763711812424,0.008653614324976966
MeanSD,C(CE)[T.20.0]:C(Contamination)[T.0.1_lower],0.0010828382838285453,0.0031508965587432347,0.3436603721007096,0.7311017164109443,-0.00509280549031939,0.00725848205797648
MeanSD,C(CE)[T.25.0]:C(Contamination)[T.0.1_lower],0.0015278877887790815,0.0031387676374124867,0.48677951517259493,0.6264145886696735,-0.004623983736389268,0.007679759313947431
MeanSD,C(CE)[T.30.0]:C(Contamination)[T.0.1_lower],0.0018600660066008592,0.0037943527125812327,0.4902195835493344,0.6239785244427818,-0.005576728654700216,0.009296860667901936
MeanSD,C(CE)[T.15.0]:C(Contamination)[T.0.1_upper],-0.002150330033003259,0.0054356719742778255,-0.3955959894524262,0.6924030962081715,-0.012804051334361528,0.00850339126835501
MeanSD,C(CE)[T.20.0]:C(Contamination)[T.0.1_upper],0.003051650165016782,0.005056486611528147,0.6035119638326357,0.5461681590390596,-0.0068588814818873614,0.012962181811920926
MeanSD,C(CE)[T.25.0]:C(Contamination)[T.0.1_upper],0.004048514851485437,0.004990355622543899,0.8112678048827417,0.41721189456480456,-0.005732402438747565,0.01382943214171844
MeanSD,C(CE)[T.30.0]:C(Contamination)[T.0.1_upper],0.0094143564356437,0.0060470539594177095,1.5568500791995974,0.11950608407287856,-0.0024376515373853436,0.021266364408672744
Percentile,Intercept,0.1436736633663367,0.003356945668036292,42.798924252587405,0.0,0.1370941707589278,0.15025315597374558
Percentile,C(N)[T.15],0.0026363036303631185,0.003087400727609072,0.85389097916185,0.39316539827242925,-0.0034148906015934208,0.008687497862319657
Percentile,C(N)[T.20],-0.001570957095709914,0.0029722937084258444,-0.5285336005848184,0.5971290323031908,-0.0073965457156995665,0.004254631524279738
Percentile,C(N)[T.25],-0.008530363036304174,0.0026825180641397795,-3.1799834455316747,0.001472834660097779,-0.013788001829896248,-0.0032727242427121
Percentile,C(N)[T.30],-0.013949504950495073,0.00255753655747812,-5.4542739221878795,4.9173351612832886e-08,-0.01896218449229674,-0.008936825408693404
Percentile,C(N)[T.40],-0.024273267326732878,0.0023610201536746504,-10.280838682784808,8.597616222946501e-25,-0.028900781794708418,-0.01964575285875734
Percentile,C(N)[T.50],-0.0323412541254132,0.0023754295568093014,-13.61490768383562,3.2655811466090114e-42,-0.036997010504571375,-0.027685497746255026
Percentile,C(N)[T.75],-0.04643102310231104,0.0025626220688908406,-18.118560542330542,2.2746864366058282e-73,-0.05145367006332461,-0.04140837614129748
Percentile,C(N)[T.100],-0.05697821782178217,0.0029528967611931337,-19.29570263701323,5.8366137772943826e-83,-0.06276578912378568,-0.05119064651977865
Percentile,C(N)[T.200],-0.07362046204620443,0.0038589386262539833,-19.077904360886553,3.854048166213653e-81,-0.0811838427722127,-0.06605708132019615
Percentile,C(distribution)[T.Compressed Normal],-0.10786376237623703,0.003093520353900352,-34.86764269717539,2.3006913110323985e-266,-0.11392695085532333,-0.10180057389715073
Percentile,C(distribution)[T.Left-skewed],-0.03094475247524731,0.002011831261956201,-15.38138563626764,2.182269656808884e-53,-0.03488786929165323,-0.027001635658841387
Percentile,C(distribution)[T.Normal],-0.08694534653465344,0.0020225632972260517,-42.98770112851306,0.0,-0.09090949775366908,-0.0829811953156378
Percentile,C(distribution)[T.Right-skewed],-0.10737623762376218,0.0022602884699143197,-47.5055458862879,0.0,-0.1118063216194654,-0.10294615362805896
Percentile,C(distribution)[T.Uniform],0.008719405940593904,0.0023812818034088094,3.661643879406485,0.00025060205498492156,0.004052179368872049,0.01338663251231576
Percentile,C(CE)[T.15.0],-0.0033009900990099337,0.0021633696678825757,-1.5258557739883716,0.12704578693900984,-0.007541116733306159,0.0009391365352862924
Percentile,C(CE)[T.20.0],-0.005026897689768996,0.002077255051633699,-2.419971339492226,0.015521730414980771,-0.009098242777674938,-0.0009555526018630552
Percentile,C(CE)[T.25.0],-0.006926897689769116,0.0020737650376760237,-3.340251939791493,0.0008370241915136687,-0.010991402476012472,-0.002862392903525761
Percentile,C(CE)[T.30.0],-0.007682178217821778,0.002286995153107678,-3.359070616036448,0.0007820508051549455,-0.012164606350730495,-0.003199750084913063
Percentile,C(Contamination)[T.0.01_upper],0.0007211881188120689,0.004818237584159361,0.1496788205677273,0.8810180186542949,-0.008722384015097557,0.010164760252721694
Percentile,C(Contamination)[T.0.05_lower],-1.6831683170283015e-06,0.004632812894872618,-0.0003633145467392292,0.999710116938819,-0.009081829589380107,0.009078463252746052
Percentile,C(Contamination)[T.0.05_upper],0.008410231023102229,0.007499228132324383,1.12147955425587,0.26208378969760804,-0.006287986028103137,0.023108448074307595
Percentile,C(Contamination)[T.0.0_clean],0.0001587128712877031,0.0044140484081025815,0.035956305099954095,0.9713171998848051,-0.008492663034609715,0.008810088777185122
Percentile,C(Contamination)[T.0.1_lower],-0.001346204620462017,0.004744887442012519,-0.28371687145670865,0.7766273642589282,-0.010646013117502939,0.007953603876578905
Percentile,C(Contamination)[T.0.1_upper],0.14371264026402616,0.009993751512364778,14.380249507526536,6.884590768104466e-47,0.1241252472293485,0.16330003329870382
Percentile,C(N)[T.15]:C(Contamination)[T.0.01_upper],-0.0025795379537953194,0.004349076120545826,-0.5931232018701887,0.5530987039209407,-0.011103570516088318,0.005944494608497678
Percentile,C(N)[T.20]:C(Contamination)[T.0.01_upper],-0.0024976897689770916,0.0042425648852998914,-0.5887216428041828,0.5560480169706572,-0.010812964146239184,0.005817584608285001
Percentile,C(N)[T.25]:C(Contamination)[T.0.01_upper],-0.0025623762376237465,0.003909684756180196,-0.6553920322024162,0.5122153801588836,-0.010225217550642193,0.005100465075394699
Percentile,C(N)[T.30]:C(Contamination)[T.0.01_upper],-0.002586798679868213,0.00380327491313339,-0.6801503280595188,0.4964092801774689,-0.01004108053291436,0.004867483173177934
Percentile,C(N)[T.40]:C(Contamination)[T.0.01_upper],-0.0020828382838284547,0.0037230031908416293,-0.5594511143455679,0.5758538855062012,-0.009379790452205751,0.005214113884548841
Percentile,C(N)[T.50]:C(Contamination)[T.0.01_upper],-0.0023656765676566736,0.0037507761500582613,-0.630716543193314,0.5282258802551404,-0.009717062735842667,0.00498570960052932
Percentile,C(N)[T.75]:C(Contamination)[T.0.01_upper],0.05416402640264043,0.004862098446080773,11.140051359161768,8.007315877098167e-29,0.04463448855903396,0.0636935642462469
Percentile,C(N)[T.100]:C(Contamination)[T.0.01_upper],0.04887029702970312,0.005045420699359508,9.686069793130823,3.4557148378465677e-22,0.03898145417210559,0.05875913988730065
Percentile,C(N)[T.200]:C(Contamination)[T.0.01_upper],0.04184125412541271,0.00615850697535843,6.794058087914647,1.0902245475220624e-11,0.029770802255171487,0.05391170599565393
Percentile,C(N)[T.15]:C(Contamination)[T.0.05_lower],0.0008201320132016002,0.004370901551232474,0.18763451969544948,0.8511631640260007,-0.007746677607184302,0.009386941633587503
Percentile,C(N)[T.20]:C(Contamination)[T.0.05_lower],-0.0006597359735973935,0.0041293239452623275,-0.15976851957917335,0.8730634232204754,-0.008753062186810401,0.007433590239615614
Percentile,C(N)[T.25]:C(Contamination)[T.0.05_lower],0.0009699669967000301,0.0038271223201860574,0.25344551742805926,0.7999239576940995,-0.006531054915294012,0.008470988908694072
Percentile,C(N)[T.30]:C(Contamination)[T.0.05_lower],0.001804290429043161,0.003717329534849608,0.4853727419450203,0.6274119642930986,-0.005481541577929102,0.009090122436015424
Percentile,C(N)[T.40]:C(Contamination)[T.0.05_lower],0.0009762376237627779,0.0034988468403717153,0.279016964246158,0.7802318059740263,-0.005881376170787547,0.007833851418313102
Percentile,C(N)[T.50]:C(Contamination)[T.0.05_lower],0.0005960396039607117,0.0033483194909364484,0.17801156836261556,0.8587138906046181,-0.005966546007008215,0.007158625214929638
Percentile,C(N)[T.75]:C(Contamination)[T.0.05_lower],-0.0005409240924088453,0.003689960883969656,-0.1465934489329653,0.8834529248132674,-0.007773114529350952,0.006691266344533262
Percentile,C(N)[T.100]:C(Contamination)[T.0.05_lower],0.0005399339933995881,0.004154363636609334,0.1299679182249597,0.8965918089087643,-0.007602469113037552,0.008682337099836727
Percentile,C(N)[T.200]:C(Contamination)[T.0.05_lower],0.0002151815181521985,0.005435109469064271,0.039591018244798104,0.9684191882286468,-0.010437437293246388,0.010867800329550785
Percentile,C(N)[T.15]:C(Contamination)[T.0.05_upper],0.12156567656765685,0.009117106746961683,13.333799849186713,1.4720461592444429e-40,0.10369647570040481,0.13943487743490887
Percentile,C(N)[T.20]:C(Contamination)[T.0.05_upper],0.10522640264026371,0.008114587709616572,12.967559955703017,1.8688529522353913e-38,0.08932210298002387,0.12113070230050356
Percentile,C(N)[T.25]:C(Contamination)[T.0.05_upper],0.09373795379537968,0.007210346233212176,13.00047886238881,1.2157959999251434e-38,0.07960593486221977,0.10786997272853958
Percentile,C(N)[T.30]:C(Contamination)[T.0.05_upper],0.09790264026402633,0.006733047122192307,14.54061415095946,6.698893815070505e-48,0.08470611039831835,0.1110991701297343
Percentile,C(N)[T.40]:C(Contamination)[T.0.05_upper],0.08655412541254134,0.006462102913428607,13.394111262554654,6.545485690094778e-41,0.07388863643782992,0.09921961438725277
Percentile,C(N)[T.50]:C(Contamination)[T.0.05_upper],0.07895313531353138,0.006528805036887465,12.093045337921655,1.149455742057503e-33,0.06615691257914824,0.09174935804791451
Percentile,C(N)[T.75]:C(Contamination)[T.0.05_upper],0.07207755775577568,0.006935388662147994,10.392720764037495,2.6760838881676964e-25,0.05848444575917818,0.08567066975237317
Percentile,C(N)[T.100]:C(Contamination)[T.0.05_upper],0.06552211221122124,0.007572324003290235,8.652840552352403,5.023318416420614e-18,0.050680629885504216,0.08036359453693827
Percentile,C(N)[T.200]:C(Contamination)[T.0.05_upper],0.05389141914191442,0.009303630924605658,5.79251472663063,6.93402436600343e-09,0.03565663760423425,0.07212620067959459
Percentile,C(N)[T.15]:C(Contamination)[T.0.0_clean],-0.0014009900990103064,0.004294178282671767,-0.32625336136221933,0.7442326715246144,-0.00981742487624103,0.0070154446782204165
Percentile,C(N)[T.20]:C(Contamination)[T.0.0_clean],-0.001197029702970896,0.004051795094691236,-0.295431944359495,0.7676639336467153,-0.009138402161301776,0.006744342755359985
Percentile,C(N)[T.25]:C(Contamination)[T.0.0_clean],-0.0017904290429046176,0.0037410346491414995,-0.47859194335863453,0.6322289509994753,-0.009122722220138393,0.0055418641343291586
Percentile,C(N)[T.30]:C(Contamination)[T.0.0_clean],-0.0017419141914195616,0.0034907574063268005,-0.4990075186154273,0.6177740873273935,-0.008583672986586542,0.005099844603747419
Percentile,C(N)[T.40]:C(Contamination)[T.0.0_clean],-0.001518481848185241,0.0032518680703775057,-0.46695678155509,0.6405307992584878,-0.007892026148600914,0.004855062452230432
Percentile,C(N)[T.50]:C(Contamination)[T.0.0_clean],-0.0013435643564361005,0.0032661885554840855,-0.4113554173656607,0.6808119396008836,-0.007745176291901812,0.005058047579029611
Percentile,C(N)[T.75]:C(Contamination)[T.0.0_clean],-0.0011122112211224312,0.003510460996511669,-0.3168276822410592,0.7513743580802197,-0.007992588343417891,0.005768165901173029
Percentile,C(N)[T.100]:C(Contamination)[T.0.0_clean],-0.001606270627063104,0.004037231051493703,-0.39786442900482816,0.6907301216568303,-0.009519098085257536,0.006306556831131327
Percentile,C(N)[T.200]:C(Contamination)[T.0.0_clean],-0.0019320132013205026,0.005345753629677069,-0.36141081971957867,0.7177923608827389,-0.012409497785711827,0.008545471383070824
Percentile,C(N)[T.15]:C(Contamination)[T.0.1_lower],0.0012498349834982414,0.004440024903065663,0.28149278681641615,0.7783324598023,-0.007452453916971403,0.009952123883967885
Percentile,C(N)[T.20]:C(Contamination)[T.0.1_lower],0.0017966996699668289,0.004165602239660205,0.43131810638583407,0.6662370867031575,-0.00636773069368656,0.009961130033620218
Percentile,C(N)[T.25]:C(Contamination)[T.0.1_lower],0.003402970297029664,0.003989985021388333,0.852877962896609,0.39372698356766134,-0.004417256643745745,0.011223197237805072
Percentile,C(N)[T.30]:C(Contamination)[T.0.1_lower],0.005284818481848092,0.0038095713822405438,1.3872475277625336,0.1653662973612644,-0.002181804223877846,0.01275144118757403
Percentile,C(N)[T.40]:C(Contamination)[T.0.1_lower],0.005652805280528019,0.0035000239562378854,1.6150761683940358,0.10629420112646402,-0.0012071156187256314,0.012512726179781669
Percentile,C(N)[T.50]:C(Contamination)[T.0.1_lower],0.004729702970297056,0.003588168864798342,1.3181383453542868,0.1874573401954852,-0.002302978775155665,0.011762384715749776
Percentile,C(N)[T.75]:C(Contamination)[T.0.1_lower],0.0036620462046204525,0.003738957259159369,0.9794298117876297,0.3273676530157622,-0.003666175363066504,0.010990267772307409
Percentile,C(N)[T.100]:C(Contamination)[T.0.1_lower],0.005967656765676452,0.004264212749670104,1.399474443703151,0.16167075679783927,-0.002390046646093464,0.014325360177446369
Percentile,C(N)[T.200]:C(Contamination)[T.0.1_lower],0.0030244224422443025,0.0054925263623312156,0.5506432273109081,0.5818782699301259,-0.007740731412061675,0.01378957629655028
Percentile,C(N)[T.15]:C(Contamination)[T.0.1_upper],-0.02537392739273917,0.009687058083202752,-2.619363606040235,0.008809399324849842,-0.044360212351964176,-0.0063876424335141645
Percentile,C(N)[T.20]:C(Contamination)[T.0.1_upper],-0.04006930693069308,0.009043645029022912,-4.430658965727033,9.394556283378873e-06,-0.05779452547654268,-0.022344088384843478
Percentile,C(N)[T.25]:C(Contamination)[T.0.1_upper],-0.04311584158415819,0.008638956051758443,-4.990862475261932,6.01102849797204e-07,-0.06004788430962908,-0.0261837988586873
Percentile,C(N)[T.30]:C(Contamination)[T.0.1_upper],-0.057884158415841415,0.008483201152450983,-6.823386287276403,8.89191306942904e-12,-0.07451092714825402,-0.041257389683428805
Percentile,C(N)[T.40]:C(Contamination)[T.0.1_upper],-0.06698580858085786,0.008314123729750546,-8.056869341643496,7.827323721333806e-16,-0.08328119165417874,-0.05069042550753696
Percentile,C(N)[T.50]:C(Contamination)[T.0.1_upper],-0.07136105610561044,0.008499961583339386,-8.39545630953014,4.6408834881749497e-17,-0.0880206746789297,-0.05470143753229119
Percentile,C(N)[T.75]:C(Contamination)[T.0.1_upper],-0.07737392739273914,0.009321633234954768,-8.300468967454991,1.0370122445162717e-16,-0.09564399281034208,-0.0591038619751362
Percentile,C(N)[T.100]:C(Contamination)[T.0.1_upper],-0.08029075907590744,0.009875007916132777,-8.130703261992997,4.268069766746491e-16,-0.0996454189385756,-0.06093609921323927
Percentile,C(N)[T.200]:C(Contamination)[T.0.1_upper],-0.08570957095709535,0.011271749197800772,-7.603928143984797,2.8727479990483864e-14,-0.10780179342755311,-0.06361734848663758
Percentile,C(distribution)[T.Compressed Normal]:C(Contamination)[T.0.01_upper],-0.010258415841584104,0.003983544488656778,-2.5751980104138785,0.010018271523467688,-0.018066019570164415,-0.002450812113003794
Percentile,C(distribution)[T.Left-skewed]:C(Contamination)[T.0.01_upper],-0.0074627722772277185,0.00356844749222124,-2.091321868542443,0.03649922076335631,-0.014456800842703624,-0.0004687437117518135
Percentile,C(distribution)[T.Normal]:C(Contamination)[T.0.01_upper],0.00656811881188134,0.0032697071885234466,2.0087789007331294,0.044560586819903124,0.00015961048238366787,0.012976627141379014
Percentile,C(distribution)[T.Right-skewed]:C(Contamination)[T.0.01_upper],0.01564118811881184,0.00437159347162596,3.5779146026115494,0.00034634656498576296,0.007073022359374535,0.024209353878249143
Percentile,C(distribution)[T.Uniform]:C(Contamination)[T.0.01_upper],0.00020891089108914743,0.0035383915045439623,0.059041202993186714,0.9529192900907496,-0.006726209021019514,0.007144030803197809
Percentile,C(distribution)[T.Compressed Normal]:C(Contamination)[T.0.05_lower],-0.0014437623762376202,0.004351381892657508,-0.3317939936905595,0.7400448199595304,-0.009972314168826072,0.007084789416350832
Percentile,C(distribution)[T.Left-skewed]:C(Contamination)[T.0.05_lower],-0.0011405940594058357,0.002775640521639405,-0.41093003597315797,0.681123837419856,-0.006580749515849037,0.004299561397037367
Percentile,C(distribution)[T.Normal]:C(Contamination)[T.0.05_lower],-0.0005506930693072512,0.0028041223135537724,-0.1963869645220064,0.8443072984063676,-0.006046671812117778,0.0049452856735032755
Percentile,C(distribution)[T.Right-skewed]:C(Contamination)[T.0.05_lower],-0.0008423762376234573,0.003156270803660125,-0.26688972208804373,0.7895540702962209,-0.007028553338252594,0.00534380086300568
Percentile,C(distribution)[T.Uniform]:C(Contamination)[T.0.05_lower],-0.0005629702970296195,0.0033874466083412625,-0.16619311302010167,0.8680049790941884,-0.007202243648930852,0.006076303054871612
Percentile,C(distribution)[T.Compressed Normal]:C(Contamination)[T.0.05_upper],-0.06458950495049502,0.006833334959881498,-9.452120425780373,3.3203510699256016e-21,-0.07798259536616121,-0.05119641453482883
Percentile,C(distribution)[T.Left-skewed]:C(Contamination)[T.0.05_upper],-0.04302217821782177,0.004307653343052836,-9.987381711484687,1.730933684142613e-23,-0.05146502362808889,-0.034579332807554646
Percentile,C(distribution)[T.Normal]:C(Contamination)[T.0.05_upper],0.007793663366336674,0.004023703659167528,1.9369377137353898,0.05275295764623351,-9.265089009371022e-05,0.015679977622767058
Percentile,C(distribution)[T.Right-skewed]:C(Contamination)[T.0.05_upper],0.040576435643564446,0.004901654029166223,8.27811089932566,1.2514465647939713e-16,0.030969370281723002,0.05018350100540589
Percentile,C(distribution)[T.Uniform]:C(Contamination)[T.0.05_upper],0.0068938613861385155,0.005684792365366167,1.2126848164479038,0.22525034711230318,-0.004248126909567436,0.018035849681844466
Percentile,C(distribution)[T.Compressed Normal]:C(Contamination)[T.0.0_clean],0.00016514851485132558,0.0042806773210982375,0.03857999621633606,0.9692252511244528,-0.00822482486393862,0.008555121893641271
Percentile,C(distribution)[T.Left-skewed]:C(Contamination)[T.0.0_clean],0.0003376237623760552,0.0027124943801551766,0.12446984769669472,0.9009432727501974,-0.004978767530995389,0.0056540150557475
Percentile,C(distribution)[T.Normal]:C(Contamination)[T.0.0_clean],0.00021980198019836642,0.0027409911952239203,0.08019069181300675,0.936085593178305,-0.005152442044381913,0.005592046004778646
Percentile,C(distribution)[T.Right-skewed]:C(Contamination)[T.0.0_clean],0.0005952475247524031,0.003029351298805743,0.1964933961231458,0.8442240010501422,-0.0053421719174264895,0.006532666966931296
Percentile,C(distribution)[T.Uniform]:C(Contamination)[T.0.0_clean],0.00012059405940575865,0.003227600920094729,0.03736337372286387,0.9701952758019134,-0.00620538750044825,0.006446575619259768
Percentile,C(distribution)[T.Compressed Normal]:C(Contamination)[T.0.1_lower],-0.002288118811881196,0.004289529370953581,-0.5334195465300049,0.5937431897548497,-0.010695441889576968,0.006119204265814575
Percentile,C(distribution)[T.Left-skewed]:C(Contamination)[T.0.1_lower],-0.0007112871287130561,0.0027662465057379376,-0.2571307825378742,0.7970778152057145,-0.006133030652319186,0.004710456394893073
Percentile,C(distribution)[T.Normal]:C(Contamination)[T.0.1_lower],-0.0011764356435642865,0.0028108379038564077,-0.41853556974959055,0.6755555857926963,-0.006685576701502905,0.004332705414374333
Percentile,C(distribution)[T.Right-skewed]:C(Contamination)[T.0.1_lower],-0.00025603960396038323,0.0031800192481702904,-0.08051511138107183,0.9358275781094024,-0.006488762800518293,0.005976683592597527
Percentile,C(distribution)[T.Uniform]:C(Contamination)[T.0.1_lower],-0.0005000000000001368,0.003369792612757416,-0.1483770835354166,0.8820451845624975,-0.007104672156373801,0.006104672156373528
Percentile,C(distribution)[T.Compressed Normal]:C(Contamination)[T.0.1_upper],-0.06600693069306948,0.007424302513368696,-8.890657482532935,6.074836936996594e-19,-0.08055829622960232,-0.05145556515653663
Percentile,C(distribution)[T.Left-skewed]:C(Contamination)[T.0.1_upper],-0.04494118811881211,0.004478275410011618,-10.035378355324404,1.065501225016257e-23,-0.05371844663528623,-0.036163929602337996
Percentile,C(distribution)[T.Normal]:C(Contamination)[T.0.1_upper],0.0059231683168316195,0.004454819423643747,1.329609071333998,0.18364710774201043,-0.002808117311139606,0.014654453944802845
Percentile,C(distribution)[T.Right-skewed]:C(Contamination)[T.0.1_upper],0.05409089108910895,0.006398259629148624,8.4540006539726,2.8148774049226143e-17,0.04155053265224105,0.06663124952597685
Percentile,C(distribution)[T.Uniform]:C(Contamination)[T.0.1_upper],0.006569702970296825,0.006216273568835194,1.056855509582706,0.2905775359039977,-0.005613969342668424,0.018753375283262073
Percentile,C(CE)[T.15.0]:C(Contamination)[T.0.01_upper],0.001421452145214374,0.0036857411640441253,0.3856624982462704,0.699746640195631,-0.005802467792648846,0.008645372083077595
Percentile,C(CE)[T.20.0]:C(Contamination)[T.0.01_upper],0.0005471947194718539,0.003517969578455382,0.15554276615209053,0.8763934416613978,-0.006347898953008251,0.007442288391951958
Percentile,C(CE)[T.25.0]:C(Contamination)[T.0.01_upper],0.0007037953795379281,0.003507485405097349,0.2006552553333845,0.8409681491149618,-0.006170749690752758,0.007578340449828614
Percentile,C(CE)[T.30.0]:C(Contamination)[T.0.01_upper],0.0016836633663365622,0.0037378376055231073,0.45043780496208446,0.6523947906941272,-0.005642363720548162,0.009009690453221286
Percentile,C(CE)[T.15.0]:C(Contamination)[T.0.05_lower],0.002179702970296813,0.0030886042776767653,0.7057242606477175,0.4803596307202157,-0.0038738501764459957,0.008233256117039622
Percentile,C(CE)[T.20.0]:C(Contamination)[T.0.05_lower],0.0015795379537953888,0.002890166564593474,0.5465214265315411,0.5847075633854009,-0.004085084422129676,0.0072441603297204536
Percentile,C(CE)[T.25.0]:C(Contamination)[T.0.05_lower],0.0018882838283829754,0.0029248952720473498,0.6455902358039733,0.5185447625017954,-0.003844405563381314,0.007620973220147265
Percentile,C(CE)[T.30.0]:C(Contamination)[T.0.05_lower],0.002202310231023163,0.0031953058881585583,0.6892329899258395,0.49067665945824146,-0.004060374229356381,0.008464994691402708
Percentile,C(CE)[T.15.0]:C(Contamination)[T.0.05_upper],-0.0012452145214522032,0.0049865272308640025,-0.24971577689277916,0.8028071564676508,-0.011018628301873896,0.008528199258969488
Percentile,C(CE)[T.20.0]:C(Contamination)[T.0.05_upper],0.0015665016501650666,0.004915667593587646,0.3186752603468398,0.7499727766808031,-0.008068029793237395,0.01120103309356753
Percentile,C(CE)[T.25.0]:C(Contamination)[T.0.05_upper],0.001033828382838398,0.004785407156304892,0.21603770568953648,0.8289583565922501,-0.008345397294879427,0.010413054060556225
Percentile,C(CE)[T.30.0]:C(Contamination)[T.0.05_upper],0.0026128712871287185,0.004955829852332814,0.5272318390629946,0.5980326010137953,-0.007100376736952051,0.012326119311209489
Percentile,C(CE)[T.15.0]:C(Contamination)[T.0.0_clean],7.013201320141163e-05,0.0029897041968276385,0.02345784351369222,0.9812850652256112,-0.005789580537009008,0.005929844563411832
Percentile,C(CE)[T.20.0]:C(Contamination)[T.0.0_clean],0.0008996699669967139,0.0028617922368256127,0.3143729147838682,0.7532378249880625,-0.004709339748417808,0.006508679682411236
Percentile,C(CE)[T.25.0]:C(Contamination)[T.0.0_clean],0.0017506600660068018,0.002887581074791286,0.6062721775295398,0.5443340307154875,-0.003908894843023579,0.007410214975037183
Percentile,C(CE)[T.30.0]:C(Contamination)[T.0.0_clean],0.0019044554455445455,0.003129268483797297,0.6085944543925906,0.5427932811947673,-0.004228798080654418,0.00803770897174351
Percentile,C(CE)[T.15.0]:C(Contamination)[T.0.1_lower],0.0018869636963696954,0.003088544955274541,0.6109555547013118,0.5412290046173812,-0.0041664731806012765,0.007940400573340667
Percentile,C(CE)[T.20.0]:C(Contamination)[T.0.1_lower],0.0014334983498349165,0.002901125171237067,0.4941180628975272,0.621222801943001,-0.004252602500432332,0.007119599200102165
Percentile,C(CE)[T.25.0]:C(Contamination)[T.0.1_lower],0.0013151815181518538,0.002954365524271766,0.44516547033429066,0.656200178232413,-0.004475268506587603,0.0071056315428913094
Percentile,C(CE)[T.30.0]:C(Contamination)[T.0.1_lower],0.0013158415841585008,0.0032248594924042468,0.40803067149368866,0.6832511571479865,-0.005004766876155943,0.007636450044472945
Percentile,C(CE)[T.15.0]:C(Contamination)[T.0.1_upper],-0.0028163366336634407,0.005381694663470809,-0.5233178041072856,0.6007531131989254,-0.013364264349857631,0.007731591082530751
Percentile,C(CE)[T.20.0]:C(Contamination)[T.0.1_upper],0.0025478547854786903,0.005115792338872922,0.49803717913225876,0.6184578373211644,-0.007478913951098165,0.012574623522055545
Percentile,C(CE)[T.25.0]:C(Contamination)[T.0.1_upper],0.011085148514851689,0.005758726849766965,1.9249304236925675,0.05423806315311776,-0.00020174870749536424,0.02237204573719874
Percentile,C(CE)[T.30.0]:C(Contamination)[T.0.1_upper],0.008085478547854828,0.005371743576982613,1.5051869904029485,0.13227600892731473,-0.002442945397215457,0.018613902492925112
MaxMin,Intercept,0.08771815181518158,0.006544824719264639,13.402673956566616,5.832333129489584e-41,0.07489053108029542,0.10054577255006775
MaxMin,C(N)[T.15],-0.00010594059405919422,0.006168915950023119,-0.017173291858320294,0.9862983690566883,-0.0121967936797592,0.01198491249164081
MaxMin,C(N)[T.20],-0.003117821782178325,0.005598355000262158,-0.5569174841596013,0.5775838082274005,-0.014090395955361878,0.007854752391005228
MaxMin,C(N)[T.25],-0.006696699669967446,0.00532565213789045,-1.2574421867178285,0.20859356122467287,-0.01713478605442147,0.0037413867144865777
MaxMin,C(N)[T.30],-0.009816831683168274,0.005264568351193437,-1.864698305406724,0.06222370444619226,-0.020135196045656827,0.0005015326793202778
MaxMin,C(N)[T.40],-0.015061386138613865,0.005325726508323124,-2.8280434819692126,0.004683344489388744,-0.025499618286437445,-0.0046231539907902845
MaxMin,C(N)[T.50],-0.01824125412541313,0.005457836579533597,-3.3422133219994556,0.000831131592014083,-0.02893841725480426,-0.007544090996022001
MaxMin,C(N)[T.75],-0.024808580858086394,0.005721038560837729,-4.336377144511623,1.448503265903472e-05,-0.03602161039149321,-0.013595551324679583
MaxMin,C(N)[T.100],-0.02901881188118799,0.005891206209814964,-4.925784440008497,8.402258580745466e-07,-0.04056536387792403,-0.017472259884451943
MaxMin,C(N)[T.200],-0.03587491749174902,0.006245145868771689,-5.744448287611414,9.222117284369465e-09,-0.04811517847274064,-0.023634656510757406
MaxMin,C(distribution)[T.Compressed Normal],-0.03490099009900973,0.003358195960801799,-10.392779488269294,2.6744363114286363e-25,-0.041482933235209137,-0.02831904696281032
MaxMin,C(distribution)[T.Left-skewed],0.07146930693069294,0.003083722702083324,23.176307935343598,7.894973476431799e-119,0.06542532149630108,0.0775132923650848
MaxMin,C(distribution)[T.Normal],0.028913267326732592,0.003345364346117356,8.642785758235707,5.485872957988442e-18,0.022356473693178187,0.035470060960287
MaxMin,C(distribution)[T.Right-skewed],-0.04157683168316819,0.0028247199860546193,-14.718921481927113,4.873711907968285e-49,-0.04711318112224573,-0.03604048224409065
MaxMin,C(distribution)[T.Uniform],0.0024217821782178974,0.004085455541708617,0.5927814300005969,0.553327437035712,-0.005585563543970568,0.010429127900406364
MaxMin,C(CE)[T.15.0],-0.004083333333333311,0.0031102050395701484,-1.3128823602889075,0.18922259171432387,-0.010179223195425776,0.002012556528759153
MaxMin,C(CE)[T.20.0],-0.006614356435643549,0.0030542971433758716,-2.1655903552110827,0.030342504052380065,-0.012600668834743827,-0.0006280440365432714
MaxMin,C(CE)[T.25.0],-0.009078547854785513,0.0029248410956585085,-3.103945670163506,0.00190958393336937,-0.01481113106277886,-0.003345964646792165
MaxMin,C(CE)[T.30.0],-0.01200577557755772,0.002889364416221371,-4.155161429328646,3.250579583669982e-05,-0.017668825771563205,-0.006342725383552235
MaxMin,C(Contamination)[T.0.01_upper],-0.0014899669966994917,0.00938680990075328,-0.1587298573693203,0.8738817136148441,-0.01988777633189992,0.016907842338500935
MaxMin,C(Contamination)[T.0.05_lower],-0.0014033663366337546,0.009180916526170294,-0.15285688881207501,0.8785111340315124,-0.019397632072996118,0.016590899399728607
MaxMin,C(Contamination)[T.0.05_upper],0.0019240594059406796,0.009406268825389485,0.20455075669826076,0.8379231322395345,-0.01651188872072459,0.02036000753260595
MaxMin,C(Contamination)[T.0.0_clean],0.0007245214521454974,0.009168046538887671,0.07902680784530584,0.9370113001635609,-0.017244519572661435,0.01869356247695243
MaxMin,C(Contamination)[T.0.1_lower],-0.000952838283828354,0.009380593975694714,-0.10157547446325627,0.9190936472831644,-0.019338464629783392,0.017432788062126683
MaxMin,C(Contamination)[T.0.1_upper],0.07612775577557762,0.010613873096096356,7.172476539556179,7.365304013023424e-13,0.05532494677075013,0.09693056478040511
MaxMin,C(N)[T.15]:C(Contamination)[T.0.01_upper],0.0005495049504951028,0.008797730550843907,0.06245985226751375,0.950196632733616,-0.016693730074846688,0.017792739975836892
MaxMin,C(N)[T.20]:C(Contamination)[T.0.01_upper],-6.435643564395292e-05,0.007911615491145187,-0.008134424090248284,0.9935097401829573,-0.01557083785781769,0.015442124986529785
MaxMin,C(N)[T.25]:C(Contamination)[T.0.01_upper],0.0011900990099010834,0.007579544581316019,0.15701458011537273,0.8752333573599478,-0.013665535388694038,0.016045733408496205
MaxMin,C(N)[T.30]:C(Contamination)[T.0.01_upper],0.0020465346534651657,0.00748688113853396,0.27334942489362224,0.7845846258372766,-0.012627482734593631,0.016720552041523964
MaxMin,C(N)[T.40]:C(Contamination)[T.0.01_upper],-0.0002194719471948161,0.00758806135077875,-0.028923322710390588,0.97692574456823,-0.01509179890720152,0.014652855012811888
MaxMin,C(N)[T.50]:C(Contamination)[T.0.01_upper],0.0009732673267327577,0.007770722936381546,0.12524797688720088,0.900327236189497,-0.014257069762414407,0.01620360441587992
MaxMin,C(N)[T.75]:C(Contamination)[T.0.01_upper],0.01572772277227731,0.008158848062278448,1.9276891360427137,0.05389380420410271,-0.0002633255851228547,0.03171877112967748
MaxMin,C(N)[T.100]:C(Contamination)[T.0.01_upper],0.013878217821782272,0.008388450110446793,1.6544436265405742,0.09803740850022355,-0.0025628422808044796,0.030319277924369024
MaxMin,C(N)[T.200]:C(Contamination)[T.0.01_upper],0.01189966996699679,0.008912805463467515,1.3351205763182044,0.18183688601410675,-0.005569107742611365,0.029368447676604945
MaxMin,C(N)[T.15]:C(Contamination)[T.0.05_lower],0.0016537953795383229,0.008613346341436859,0.19200381756185605,0.8477392150815867,-0.015228053236047761,0.018535643995124407
MaxMin,C(N)[T.20]:C(Contamination)[T.0.05_lower],0.00034092409240906493,0.0077115186658559525,0.044209721480486554,0.964737233010569,-0.01477337475877697,0.015455222943595099
MaxMin,C(N)[T.25]:C(Contamination)[T.0.05_lower],0.0023511551155118962,0.007338374808187082,0.3203918002237801,0.7486713406891266,-0.012031795213590813,0.016734105444614605
MaxMin,C(N)[T.30]:C(Contamination)[T.0.05_lower],0.0025224422442244655,0.007268887488439798,0.34701902433296367,0.7285770264890998,-0.011724315440791347,0.016769199929240277
MaxMin,C(N)[T.40]:C(Contamination)[T.0.05_lower],0.002592409240924325,0.0073416693920152825,0.35310895962487776,0.7240067561946809,-0.011796998353825704,0.016981816835674353
MaxMin,C(N)[T.50]:C(Contamination)[T.0.05_lower],0.0009514851485151565,0.007576267437340132,0.12558758734224446,0.900058389020568,-0.013897726165915072,0.015800696462945386
MaxMin,C(N)[T.75]:C(Contamination)[T.0.05_lower],0.0014224422442247165,0.007963881318981703,0.1786116828278647,0.8582426204400639,-0.014186478318130764,0.017031362806580196
MaxMin,C(N)[T.100]:C(Contamination)[T.0.05_lower],0.0013184818481850407,0.008152701312818653,0.16172331078926755,0.8715237468312819,-0.014660519101651935,0.017297482798022016
MaxMin,C(N)[T.200]:C(Contamination)[T.0.05_lower],2.6402640266876e-06,0.00865146260307233,0.00030518123325759766,0.9997565006095167,-0.016953914851590226,0.0169591953796436
MaxMin,C(N)[T.15]:C(Contamination)[T.0.05_upper],0.04874455445544551,0.00937383139039489,5.200067339102422,1.992163375167677e-07,0.030372182533120507,0.06711692637777052
MaxMin,C(N)[T.20]:C(Contamination)[T.0.05_upper],0.03832937293729325,0.008213303759752938,4.666742404574871,3.060125776486233e-06,0.022231593374090076,0.05442715250049643
MaxMin,C(N)[T.25]:C(Contamination)[T.0.05_upper],0.031815841584158525,0.007753560214812827,4.103384858400377,4.071491254476647e-05,0.016619142811162738,0.04701254035715431
MaxMin,C(N)[T.30]:C(Contamination)[T.0.05_upper],0.033046204620461726,0.00766291866273172,4.312482759497441,1.6143147392590454e-05,0.01802716002504772,0.04806524921587573
MaxMin,C(N)[T.40]:C(Contamination)[T.0.05_upper],0.026730363036303526,0.007651048550032507,3.493686239409624,0.0004764005635829228,0.011734583434272411,0.04172614263833464
MaxMin,C(N)[T.50]:C(Contamination)[T.0.05_upper],0.022944884488448745,0.00783984853909504,2.9266999705452594,0.0034257919155976707,0.007579063707573511,0.03831070526932398
MaxMin,C(N)[T.75]:C(Contamination)[T.0.05_upper],0.020332013201320106,0.008259982102749659,2.461508142318105,0.013835425728660478,0.00414274576698535,0.036521280635654865
MaxMin,C(N)[T.100]:C(Contamination)[T.0.05_upper],0.018333993399339808,0.008621404754043821,2.1265668324805596,0.03345609076923614,0.0014363505852715147,0.0352316362134081
MaxMin,C(N)[T.200]:C(Contamination)[T.0.05_upper],0.015306930693069236,0.009449972525129184,1.619785735076514,0.1052783116061549,-0.0032146751110769967,0.03382853649721547
MaxMin,C(N)[T.15]:C(Contamination)[T.0.0_clean],-0.0006353135313532201,0.008639031992689486,-0.07353989797593463,0.9413764960154805,-0.01756750509831391,0.01629687803560747
MaxMin,C(N)[T.20]:C(Contamination)[T.0.0_clean],-0.0008491749174922727,0.007694810500696864,-0.11035683301302468,0.9121263862282186,-0.01593072636671875,0.014232376531734202
MaxMin,C(N)[T.25]:C(Contamination)[T.0.0_clean],-0.0004805280528053121,0.00738264632123324,-0.06508886270540479,0.9481032479027696,-0.014950248953019584,0.013989192847408962
MaxMin,C(N)[T.30]:C(Contamination)[T.0.0_clean],-0.0008831683168319415,0.007287380323090112,-0.12119146767098417,0.9035393821167942,-0.015166171291734424,0.013399834658070542
MaxMin,C(N)[T.40]:C(Contamination)[T.0.0_clean],-0.00022607260726096066,0.007376127533099616,-0.030649227016003047,0.9755492830891493,-0.014683016917510484,0.014230871702988562
MaxMin,C(N)[T.50]:C(Contamination)[T.0.0_clean],-0.0009646864686470233,0.007591469038896519,-0.12707507120219358,0.89888098178593,-0.0158436923746351,0.013914319437341052
MaxMin,C(N)[T.75]:C(Contamination)[T.0.0_clean],-0.0008947194719472287,0.007930975949601599,-0.11281328775081882,0.9101785834961587,-0.016439146695419717,0.01464970775152526
MaxMin,C(N)[T.100]:C(Contamination)[T.0.0_clean],0.00023795379537939042,0.008166732138304161,0.02913696584504387,0.9767553538233602,-0.01576854706708255,0.01624445465784133
MaxMin,C(N)[T.200]:C(Contamination)[T.0.0_clean],-0.002000660066006795,0.008637503976036206,-0.23162479248141638,0.8168294495036331,-0.01892985677535928,0.014928536643345688
MaxMin,C(N)[T.15]:C(Contamination)[T.0.1_lower],0.0028686468646865427,0.008938910103268003,0.32091684909525886,0.7482734050084523,-0.014651294998759959,0.020388588728133046
MaxMin,C(N)[T.20]:C(Contamination)[T.0.1_lower],0.0036158415841581575,0.008052575882295692,0.44902918482369203,0.653410603486962,-0.012166917127917249,0.019398600296233564
MaxMin,C(N)[T.25]:C(Contamination)[T.0.1_lower],0.004663366336633853,0.007623331285307375,0.6117229019840275,0.5407211067974789,-0.010278088424786041,0.019604821098053747
MaxMin,C(N)[T.30]:C(Contamination)[T.0.1_lower],0.0039052805280526863,0.00752039626361282,0.5192918552640973,0.6035572322149023,-0.01083442529809803,0.018644986354203405
MaxMin,C(N)[T.40]:C(Contamination)[T.0.1_lower],0.004900330033003255,0.007646803625771534,0.6408337748452158,0.5216306865701816,-0.010087129670359254,0.019887789736365763
MaxMin,C(N)[T.50]:C(Contamination)[T.0.1_lower],0.0032986798679869684,0.007849052101208204,0.4202647434942116,0.6742920626182436,-0.012085179563159545,0.018682539299133483
MaxMin,C(N)[T.75]:C(Contamination)[T.0.1_lower],0.003952475247524888,0.008251579245118119,0.47899621758626276,0.6319413194884476,-0.012220322888484831,0.020125273383534606
MaxMin,C(N)[T.100]:C(Contamination)[T.0.1_lower],0.004339603960396008,0.008470271992650958,0.5123334839968738,0.6084176346751071,-0.012261824084458186,0.0209410320052502
MaxMin,C(N)[T.200]:C(Contamination)[T.0.1_lower],0.0022660066006601042,0.00894302747704063,0.253382493398081,0.7999726545954139,-0.015262005167091636,0.019794018368411846
MaxMin,C(N)[T.15]:C(Contamination)[T.0.1_upper],-0.0148240924092408,0.010171004112342728,-1.4574856371605878,0.14498237321018612,-0.03475889415604133,0.00511070933755973
MaxMin,C(N)[T.20]:C(Contamination)[T.0.1_upper],-0.026294719471947517,0.009167925355159126,-2.8681210255655625,0.0041291754916937505,-0.04426352298101099,-0.008325915962884047
MaxMin,C(N)[T.25]:C(Contamination)[T.0.1_upper],-0.03408118811881178,0.008708075441667587,-3.9137451606970997,9.087554391142131e-05,-0.051148702359137974,-0.017013673878485583
MaxMin,C(N)[T.30]:C(Contamination)[T.0.1_upper],-0.035180528052805395,0.008656606358514675,-4.064009219756386,4.82369191432857e-05,-0.05214716474383459,-0.018213891361776206
MaxMin,C(N)[T.40]:C(Contamination)[T.0.1_upper],-0.040931353135313486,0.008692087779392791,-4.709035869650738,2.4889127272780793e-06,-0.05796753213338409,-0.023895174137242882
MaxMin,C(N)[T.50]:C(Contamination)[T.0.1_upper],-0.04472508250825076,0.008875640502478212,-5.0390822494177,4.677694443131082e-07,-0.062121018232833045,-0.027329146783668476
MaxMin,C(N)[T.75]:C(Contamination)[T.0.1_upper],-0.04787557755775566,0.009401933709741071,-5.092099033643809,3.541210412379637e-07,-0.06630302901388122,-0.029448126101630095
MaxMin,C(N)[T.100]:C(Contamination)[T.0.1_upper],-0.049007920792079246,0.009752954452878528,-5.024930755994133,5.036142109966989e-07,-0.0681233602625807,-0.029892481321577784
MaxMin,C(N)[T.200]:C(Contamination)[T.0.1_upper],-0.05284257425742571,0.010237053051117433,-5.161893173119547,2.444647931205431e-07,-0.07290682954544175,-0.032778318969409664
MaxMin,C(distribution)[T.Compressed Normal]:C(Contamination)[T.0.01_upper],-0.0024225742574257737,0.0046147123563609,-0.5249675538468844,0.5996057466091238,-0.011467244274905105,0.006622095760053558
MaxMin,C(distribution)[T.Left-skewed]:C(Contamination)[T.0.01_upper],0.0005712871287127698,0.00441198819589663,0.12948518974826256,0.8969737431627995,-0.008076050835460473,0.009218625092886013
MaxMin,C(distribution)[T.Normal]:C(Contamination)[T.0.01_upper],0.003835445544554452,0.005086299587815711,0.7540738563143834,0.45080487477789755,-0.006133518462145264,0.013804409551254167
MaxMin,C(distribution)[T.Right-skewed]:C(Contamination)[T.0.01_upper],0.00027643564356434115,0.004045943574303469,0.06832414700986802,0.9455276025058819,-0.007653468045551715,0.008206339332680397
MaxMin,C(distribution)[T.Uniform]:C(Contamination)[T.0.01_upper],-0.001559009900990176,0.005726737773964415,-0.2722335057976523,0.7854424804646869,-0.012783209686865511,0.009665189884885158
MaxMin,C(distribution)[T.Compressed Normal]:C(Contamination)[T.0.05_lower],-0.0007948514851486383,0.004807016442440353,-0.16535235414029917,0.8686666532555872,-0.01021643058542359,0.008626727615126312
MaxMin,C(distribution)[T.Left-skewed]:C(Contamination)[T.0.05_lower],-0.001533465346534665,0.004404803114460107,-0.34813482162246895,0.7277389341960949,-0.010166720809866336,0.007099790116797006
MaxMin,C(distribution)[T.Normal]:C(Contamination)[T.0.05_lower],-0.0009291089108911873,0.004777466331534103,-0.19447733304963744,0.8458021424994815,-0.010292770858050722,0.008434553036268349
MaxMin,C(distribution)[T.Right-skewed]:C(Contamination)[T.0.05_lower],-0.0001879207920790838,0.004058986314303901,-0.04629746875884981,0.9630731567856277,-0.008143387781855707,0.007767546197697539
MaxMin,C(distribution)[T.Uniform]:C(Contamination)[T.0.05_lower],-0.00039623762376241755,0.005763482471061958,-0.06874968836148959,0.9451888661436825,-0.01169245569257177,0.010899980445046935
MaxMin,C(distribution)[T.Compressed Normal]:C(Contamination)[T.0.05_upper],-0.017103564356435716,0.005304820815586364,-3.2241549622529875,0.0012634500992740974,-0.027500822099423387,-0.006706306613448046
MaxMin,C(distribution)[T.Left-skewed]:C(Contamination)[T.0.05_upper],-0.0018673267326733628,0.004646233918574998,-0.40190114518514664,0.6877567799026206,-0.010973777876828763,0.007239124411482038
MaxMin,C(distribution)[T.Normal]:C(Contamination)[T.0.05_upper],0.011825346534653745,0.005122250344123745,2.308623308155917,0.02096449339639908,0.0017859203403733075,0.02186477272893418
MaxMin,C(distribution)[T.Right-skewed]:C(Contamination)[T.0.05_upper],-0.005816633663366307,0.0044168561490908476,-1.3169171616702042,0.18786639326529175,-0.014473512640478643,0.00284024531374603
MaxMin,C(distribution)[T.Uniform]:C(Contamination)[T.0.05_upper],0.0016564356435641685,0.006198855082734604,0.2672163845510383,0.7893025616440766,-0.010493097063978713,0.01380596835110705
MaxMin,C(distribution)[T.Compressed Normal]:C(Contamination)[T.0.0_clean],3.722772277213774e-05,0.004794948186340846,0.007763946830163189,0.9938053289280101,-0.009360698030191572,0.009435153475735848
MaxMin,C(distribution)[T.Left-skewed]:C(Contamination)[T.0.0_clean],-0.0006601980198021733,0.004339312962363944,-0.1521434442567873,0.8790737994690784,-0.009165095143683315,0.00784469910407897
MaxMin,C(distribution)[T.Normal]:C(Contamination)[T.0.0_clean],-0.001111287128712727,0.004763909178865111,-0.23327210637073162,0.8155501170579551,-0.010448377544908127,0.008225803287482673
MaxMin,C(distribution)[T.Right-skewed]:C(Contamination)[T.0.0_clean],0.0003479207920791532,0.004029950586856377,0.08633376131555846,0.9312011010091494,-0.007550637217635401,0.008246478801793708
MaxMin,C(distribution)[T.Uniform]:C(Contamination)[T.0.0_clean],-0.0013637623762378299,0.0057167831057621955,-0.23855415729577603,0.8114513160177026,-0.012568451370958768,0.009840926618483108
MaxMin,C(distribution)[T.Compressed Normal]:C(Contamination)[T.0.1_lower],-0.0034445544554456073,0.004792451495557639,-0.7187458148796155,0.47229754905689825,-0.012837586784393699,0.0059484778735024845
MaxMin,C(distribution)[T.Left-skewed]:C(Contamination)[T.0.1_lower],-0.004275049504950664,0.004465792579575209,-0.9572879682104071,0.33842192654418013,-0.013027842123344296,0.004477743113442968
MaxMin,C(distribution)[T.Normal]:C(Contamination)[T.0.1_lower],-0.004821188118811835,0.004867559258082383,-0.9904734309718879,0.32194276932825516,-0.014361428957267813,0.004719052719644142
MaxMin,C(distribution)[T.Right-skewed]:C(Contamination)[T.0.1_lower],-0.0015584158415841423,0.004037601409589363,-0.38597565323879707,0.6995147001959757,-0.00947196918830745,0.006355137505139164
MaxMin,C(distribution)[T.Uniform]:C(Contamination)[T.0.1_lower],-3.564356435754374e-06,0.005921630516749532,-0.0006019214514773374,0.9995197361960508,-0.011609746899018147,0.011602618186146637
MaxMin,C(distribution)[T.Compressed Normal]:C(Contamination)[T.0.1_upper],-0.026593861386138763,0.005859956405082815,-4.538235363504028,5.6726926323606585e-06,-0.03807916489107589,-0.015108557881201638
MaxMin,C(distribution)[T.Left-skewed]:C(Contamination)[T.0.1_upper],-0.005516633663366556,0.004917419247978816,-1.121855466286311,0.26192389830292917,-0.015154598286289074,0.004121330959555962
MaxMin,C(distribution)[T.Normal]:C(Contamination)[T.0.1_upper],0.011733861386138623,0.005098014116822488,2.3016533727160713,0.021354727660413856,0.0017419373244897743,0.02172578544778747
MaxMin,C(distribution)[T.Right-skewed]:C(Contamination)[T.0.1_upper],-0.00954594059405936,0.004742436181726285,-2.0128769746743456,0.044127573429876235,-0.01884094470922253,-0.0002509364788961903
MaxMin,C(distribution)[T.Uniform]:C(Contamination)[T.0.1_upper],0.0010980198019800156,0.006508761387224913,0.16869873339267846,0.8660336151076876,-0.011658918100945773,0.013854957704905805
MaxMin,C(CE)[T.15.0]:C(Contamination)[T.0.01_upper],0.00012656765676553015,0.004459248716932888,0.028383179499479577,0.9773565396120404,-0.008613399226529376,0.008866534540060436
MaxMin,C(CE)[T.20.0]:C(Contamination)[T.0.01_upper],2.5907590759013846e-05,0.004333207370003201,0.00597884858646742,0.9952295974424661,-0.00846702279199079,0.008518837973508817
MaxMin,C(CE)[T.25.0]:C(Contamination)[T.0.01_upper],0.0008059405940593096,0.004209564930587783,0.19145460572496165,0.8481694420128439,-0.007444655060475597,0.009056536248594217
MaxMin,C(CE)[T.30.0]:C(Contamination)[T.0.01_upper],0.00046617161716168507,0.004064130403679717,0.11470390239929486,0.9086798206802208,-0.007499377602524791,0.00843172083684816
MaxMin,C(CE)[T.15.0]:C(Contamination)[T.0.05_lower],0.0017613861386137199,0.004380576646429453,0.40209001708699726,0.6876177794151972,-0.0068243863199052585,0.010347158597132698
MaxMin,C(CE)[T.20.0]:C(Contamination)[T.0.05_lower],0.0008160066006600939,0.004282144066850853,0.19056028660432162,0.848870106647525,-0.007576841546979456,0.009208854748299643
MaxMin,C(CE)[T.25.0]:C(Contamination)[T.0.05_lower],0.0016991749174918227,0.004152354452726238,0.4092075801419663,0.6823873320680789,-0.0064392902608961305,0.009837640095879776
MaxMin,C(CE)[T.30.0]:C(Contamination)[T.0.05_lower],0.0015059405940594526,0.004028403449687273,0.3738306286517452,0.7085303305511961,-0.006389585082524516,0.009401466270643422
MaxMin,C(CE)[T.15.0]:C(Contamination)[T.0.05_upper],-0.0019759075907590015,0.004863352010464231,-0.4062851273170316,0.6845331119730903,-0.011507902375409357,0.007556087193891354
MaxMin,C(CE)[T.20.0]:C(Contamination)[T.0.05_upper],6.3696369636994e-05,0.004653185129533834,0.01368876755681011,0.9890782848005237,-0.009056378897646666,0.009183771636920655
MaxMin,C(CE)[T.25.0]:C(Contamination)[T.0.05_upper],-0.00010429042904290227,0.004452565967798765,-0.023422545515807552,0.9813132212170343,-0.008831159364717211,0.008622578506631407
MaxMin,C(CE)[T.30.0]:C(Contamination)[T.0.05_upper],0.0016080858085808594,0.004442311536635778,0.36199302892626123,0.7173572398020172,-0.007098684811332051,0.010314856428493769
MaxMin,C(CE)[T.15.0]:C(Contamination)[T.0.0_clean],-0.00037623762376226197,0.004361845019899975,-0.08625653182214386,0.9312624922178464,-0.008925296768911609,0.008172821521387085
MaxMin,C(CE)[T.20.0]:C(Contamination)[T.0.0_clean],8.283828382843727e-05,0.004301176321908194,0.019259448492380454,0.9846341333383788,-0.00834731239826808,0.008512988965924954
MaxMin,C(CE)[T.25.0]:C(Contamination)[T.0.0_clean],0.00046320132013209325,0.004139154478205878,0.11190723191681132,0.9108969623853382,-0.007649392383599106,0.008575795023863292
MaxMin,C(CE)[T.30.0]:C(Contamination)[T.0.0_clean],0.0006577557755775331,0.004086529830400835,0.16095704739123753,0.8721272306749502,-0.007351695513756679,0.008667207064911746
MaxMin,C(CE)[T.15.0]:C(Contamination)[T.0.1_lower],0.000640924092409246,0.004516291656032249,0.1419137959244033,0.8871480970390051,-0.00821084489709272,0.009492693081911212
MaxMin,C(CE)[T.20.0]:C(Contamination)[T.0.1_lower],0.0008183168316831656,0.004470544343543959,0.18304635158466115,0.8547616496674657,-0.007943789072952252,0.009580422736318584
MaxMin,C(CE)[T.25.0]:C(Contamination)[T.0.1_lower],0.0008805280528052606,0.00428719651352078,0.2053855124271277,0.8372709384159265,-0.007522222708341155,0.009283278813951676
MaxMin,C(CE)[T.30.0]:C(Contamination)[T.0.1_lower],0.0017559405940594695,0.004210444579676662,0.4170439868832843,0.6766462341077397,-0.006496379141008675,0.010008260329127614
MaxMin,C(CE)[T.15.0]:C(Contamination)[T.0.1_upper],-0.0054767326732674294,0.005009355129555263,-1.0933009402656706,0.2742616902031627,-0.015294888312966722,0.004341422966431863
MaxMin,C(CE)[T.20.0]:C(Contamination)[T.0.1_upper],-0.0008519801980197096,0.0048776898900070795,-0.1746687914221773,0.8613398915806616,-0.010412076710188723,0.008708116314149302
MaxMin,C(CE)[T.25.0]:C(Contamination)[T.0.1_upper],-0.00019389438943888675,0.004750434197729292,-0.04081614045544896,0.9674424718586587,-0.009504574327915724,0.00911678554903795
MaxMin,C(CE)[T.30.0]:C(Contamination)[T.0.1_upper],0.0037029702970296937,0.004846613414585739,0.7640325275141019,0.4448478588594822,-0.005796217442547047,0.013202158036606435
MedianMAD,Intercept,0.22834864686468667,0.005700930778487995,40.05462541771985,0.0,0.2171750278604943,0.23952226586887904
MedianMAD,C(N)[T.15],-0.0019353135313533304,0.00503709697645474,-0.3842120849369595,0.7008212619789266,-0.01180784219184022,0.007937215129133559
MedianMAD,C(N)[T.20],-0.012525742574257766,0.004758375602832005,-2.63235684186068,0.008479474991024442,-0.021851987380722564,-0.003199497767792967
MedianMAD,C(N)[T.25],-0.01920462046204698,0.004583715037524351,-4.189750083683066,2.792618542080155e-05,-0.02818853685098937,-0.010220704073104589
MedianMAD,C(N)[T.30],-0.02922838283828399,0.004226541754259345,-6.915436907450106,4.6642359650773765e-12,-0.03751225245578705,-0.020944513220780933
MedianMAD,C(N)[T.40],-0.042536303630363224,0.0040542502628381815,-10.49178044588339,9.423566103395741e-26,-0.050482488129838105,-0.034590119130888344
MedianMAD,C(N)[T.50],-0.053381188118813025,0.0040009983453722624,-13.341967056936214,1.3193173971265115e-40,-0.06122300077794701,-0.04553937545967904
MedianMAD,C(N)[T.75],-0.07174455445544684,0.004388008545536105,-16.350140094515574,4.339811109886574e-60,-0.08034489316855159,-0.06314421574234208
MedianMAD,C(N)[T.100],-0.08450990099009906,0.004891797907477513,-17.275836530556333,7.152873676669367e-67,-0.09409764870840338,-0.07492215327179473
MedianMAD,C(N)[T.200],-0.10740099009900969,0.006364082460504541,-16.876115412636405,6.743901805293078e-64,-0.11987436251624164,-0.09492761768177774
MedianMAD,C(distribution)[T.Compressed Normal],-0.1629067326732664,0.004958365391880124,-32.85492693621256,9.686544071804409e-237,-0.1726249502635413,-0.15318851508299153
MedianMAD,C(distribution)[T.Left-skewed],-0.0671174257425739,0.0035426606657507414,-18.94548534987918,4.811341525429465e-80,-0.07406091305689204,-0.060173938428255754
MedianMAD,C(distribution)[T.Normal],-0.12942633663366315,0.0035951624586381425,-36.000135772081414,8.324428853115377e-284,-0.13647272557116438,-0.12237994769616192
MedianMAD,C(distribution)[T.Right-skewed],-0.15868514851485127,0.003812940597273967,-41.61752444512301,0.0,-0.1661583747606989,-0.15121192226900365
MedianMAD,C(distribution)[T.Uniform],0.005260594059405777,0.0044181329811559785,1.1906825987001806,0.23377821172805346,-0.003398787462568523,0.013919975581380077
MedianMAD,C(CE)[T.15.0],-0.006565511551155209,0.003524797888949613,-1.8626632669459884,0.06250965703826138,-0.013473988466279263,0.0003429653639688453
MedianMAD,C(CE)[T.20.0],-0.0121331683168318,0.0033295772697945645,-3.6440566875867755,0.00026837427030620644,-0.01865901984937235,-0.005607316784291251
MedianMAD,C(CE)[T.25.0],-0.016336303630363272,0.003347951172389066,-4.879492796994958,1.0635900756718898e-06,-0.02289816735024449,-0.009774439910482054
MedianMAD,C(CE)[T.30.0],-0.019050000000000056,0.003789017316390077,-5.027688819894237,4.964265859645992e-07,-0.026476337476923215,-0.011623662523076898
MedianMAD,C(Contamination)[T.0.01_upper],0.002036864686468705,0.00814823355268852,0.2499762277673839,0.802605732617615,-0.013933379614421648,0.018007108987359056
MedianMAD,C(Contamination)[T.0.05_lower],-0.0003949174917496385,0.007870932509241584,-0.05017416821780008,0.9599835963954639,-0.015821661734608618,0.015031826751109341
MedianMAD,C(Contamination)[T.0.05_upper],0.013447029702970004,0.009229427208989949,1.4569733742384239,0.1451237300902036,-0.004642315224584324,0.03153637463052433
MedianMAD,C(Contamination)[T.0.0_clean],0.0007693729372943827,0.007815233233114784,0.09844529450949564,0.92157870951145,-0.014548202730391119,0.016086948604979882
MedianMAD,C(Contamination)[T.0.1_lower],0.003112310231022952,0.008097146783751185,0.38437122533934165,0.7007033244044316,-0.012757805842663705,0.01898242630470961
MedianMAD,C(Contamination)[T.0.1_upper],0.15705462046204596,0.012195403827250999,12.878181213737479,5.972649658942442e-38,0.13315206818371206,0.18095717274037987
MedianMAD,C(N)[T.15]:C(Contamination)[T.0.01_upper],-0.0024735973597357513,0.007136995429933422,-0.3465880543178134,0.7289008215573802,-0.01646185136023222,0.011514656640760715
MedianMAD,C(N)[T.20]:C(Contamination)[T.0.01_upper],-0.001910891089109155,0.006773116855680364,-0.2821287643231138,0.777844777989075,-0.015185956189323845,0.011364174011105534
MedianMAD,C(N)[T.25]:C(Contamination)[T.0.01_upper],-0.0036132013201318003,0.006616817002340209,-0.5460633592940378,0.5850223852381637,-0.016581924337010893,0.009355521696747294
MedianMAD,C(N)[T.30]:C(Contamination)[T.0.01_upper],-0.003022442244224525,0.0061625025087215035,-0.4904569596437491,0.6238105790951292,-0.015100725215956401,0.009055840727507352
MedianMAD,C(N)[T.40]:C(Contamination)[T.0.01_upper],-0.0018316831683167717,0.006072614690665695,-0.30163006573301593,0.7629340857223339,-0.013733789254010375,0.010070422917376833
MedianMAD,C(N)[T.50]:C(Contamination)[T.0.01_upper],-0.0030042904290426605,0.005962241660407554,-0.5038860549703549,0.6143414505258293,-0.014690069350565759,0.008681488492480438
MedianMAD,C(N)[T.75]:C(Contamination)[T.0.01_upper],0.05387854785478592,0.006883510974102711,7.8271899409311505,4.988950803549609e-15,0.040387114258358385,0.06736998145121346
MedianMAD,C(N)[T.100]:C(Contamination)[T.0.01_upper],0.047743564356436105,0.00739393542415681,6.457124875672103,1.0671084234948385e-10,0.03325171722107387,0.06223541149179834
MedianMAD,C(N)[T.200]:C(Contamination)[T.0.01_upper],0.04142244224422484,0.009633168118354478,4.299981245557308,1.7081256412544922e-05,0.02254177967523058,0.0603031048132191
MedianMAD,C(N)[T.15]:C(Contamination)[T.0.05_lower],-0.0006198019801973838,0.007003141708945557,-0.08850341831662087,0.9294765675786566,-0.01434570750836096,0.013106103547966194
MedianMAD,C(N)[T.20]:C(Contamination)[T.0.05_lower],0.002922112211221234,0.006739375745263051,0.43358796447506553,0.6645876761679699,-0.01028682152777713,0.016131045950219598
MedianMAD,C(N)[T.25]:C(Contamination)[T.0.05_lower],-0.00018514851485084113,0.0063294768311166465,-0.029251788068900667,0.9766637779776546,-0.012590695144820177,0.012220398115118497
MedianMAD,C(N)[T.30]:C(Contamination)[T.0.05_lower],0.0035267326732678467,0.006134801222522247,0.5748731776867376,0.5653770713095927,-0.00849725677518805,0.015550722121723745
MedianMAD,C(N)[T.40]:C(Contamination)[T.0.05_lower],0.001750825082509003,0.005848948593311357,0.29934013858681924,0.7646805316134413,-0.00971290350780747,0.013214553672825475
MedianMAD,C(N)[T.50]:C(Contamination)[T.0.05_lower],0.00093234323432407,0.0056203184524829634,0.16588797275573883,0.8682451127017682,-0.01008327851418843,0.01194796498283657
MedianMAD,C(N)[T.75]:C(Contamination)[T.0.05_lower],0.00042244224422508344,0.006194410441204274,0.06819732858111274,0.9456285535059376,-0.011718379125994159,0.012563263614444325
MedianMAD,C(N)[T.100]:C(Contamination)[T.0.05_lower],0.00052508250825143,0.00683845553405149,0.0767837862857816,0.9387955493247468,-0.012878044048368112,0.013928209064870972
MedianMAD,C(N)[T.200]:C(Contamination)[T.0.05_lower],0.0005485148514858278,0.008934344051100652,0.061393970094341103,0.9510454544704899,-0.016962477714161137,0.01805950741713279
MedianMAD,C(N)[T.15]:C(Contamination)[T.0.05_upper],0.11403696369636969,0.010177534721762364,11.204772748407073,3.8634397187947776e-29,0.09408936219030958,0.1339845652024298
MedianMAD,C(N)[T.20]:C(Contamination)[T.0.05_upper],0.09936765676567631,0.009063941799744922,10.962962799305785,5.7582751200391015e-28,0.0816026572802091,0.11713265625114352
MedianMAD,C(N)[T.25]:C(Contamination)[T.0.05_upper],0.09002475247524788,0.007987448559176545,11.270777120914424,1.8294798734451053e-29,0.0743696409708955,0.10567986397960026
MedianMAD,C(N)[T.30]:C(Contamination)[T.0.05_upper],0.09346039603960407,0.00729903659130975,12.804483834329346,1.54751377130531e-37,0.07915454719879696,0.10776624488041119
MedianMAD,C(N)[T.40]:C(Contamination)[T.0.05_upper],0.08188448844884506,0.006741165101090828,12.146934130955323,5.955733271724632e-34,0.06867204763686872,0.0950969292608214
MedianMAD,C(N)[T.50]:C(Contamination)[T.0.05_upper],0.07482805280528071,0.006632645895480532,11.281780149950166,1.6144550867943515e-29,0.06182830572793145,0.08782779988262997
MedianMAD,C(N)[T.75]:C(Contamination)[T.0.05_upper],0.06895643564356466,0.007587079557642949,9.088666478276274,1.0026116877206449e-19,0.05408603296274439,0.08382683832438492
MedianMAD,C(N)[T.100]:C(Contamination)[T.0.05_upper],0.06165676567656804,0.008782270653563016,7.020595027045033,2.209253424077674e-12,0.044443831493101486,0.07886969986003459
MedianMAD,C(N)[T.200]:C(Contamination)[T.0.05_upper],0.05227095709571003,0.011717145715710803,4.461065720606607,8.155307334812482e-06,0.02930577349130906,0.075236140700111
MedianMAD,C(N)[T.15]:C(Contamination)[T.0.0_clean],-7.920792079615336e-06,0.007072602980181425,-0.0011199260161797113,0.99910642850924,-0.013869967910185861,0.01385412632602663
MedianMAD,C(N)[T.20]:C(Contamination)[T.0.0_clean],-0.0010904290429051072,0.006663474167753554,-0.16364272081701814,0.8700124116627552,-0.014150598423615083,0.011969740337804869
MedianMAD,C(N)[T.25]:C(Contamination)[T.0.0_clean],-0.0019442244224426258,0.006457427392947943,-0.3010834352649297,0.7633508720569795,-0.01460054954540297,0.010712100700517719
MedianMAD,C(N)[T.30]:C(Contamination)[T.0.0_clean],-0.0014508250825086748,0.005954666647398734,-0.24364505494903904,0.8075057307841891,-0.013121757251352064,0.010220107086334715
MedianMAD,C(N)[T.40]:C(Contamination)[T.0.0_clean],-0.0010452145214526413,0.005741027056636138,-0.18206054616037082,0.8555352108181771,-0.012297420786729464,0.010206991743824183
MedianMAD,C(N)[T.50]:C(Contamination)[T.0.0_clean],-0.0011174917491754025,0.005603558931668842,-0.19942535856272206,0.8419300255949125,-0.012100265440494074,0.00986528194214327
MedianMAD,C(N)[T.75]:C(Contamination)[T.0.0_clean],-0.00046831683168353035,0.006165035467706951,-0.07596336373677312,0.9394482454500412,-0.012551564311801202,0.01161493064843414
MedianMAD,C(N)[T.100]:C(Contamination)[T.0.0_clean],-0.001854785478548226,0.0068162401696990555,-0.27211269444311803,0.7855353689623659,-0.015214370721133562,0.01150479976403711
MedianMAD,C(N)[T.200]:C(Contamination)[T.0.0_clean],-0.0017623762376241209,0.008877872979805565,-0.19851334228739087,0.8426434468371519,-0.01916268753736432,0.01563793506211608
MedianMAD,C(N)[T.15]:C(Contamination)[T.0.1_lower],0.0004079207920792722,0.007245134625013808,0.05630272081776462,0.9551006513759411,-0.013792282136091901,0.014608123720250447
MedianMAD,C(N)[T.20]:C(Contamination)[T.0.1_lower],0.00011683168316816647,0.006667457751339362,0.01752267318749748,0.9860196450342236,-0.0129511453778994,0.013184808744235731
MedianMAD,C(N)[T.25]:C(Contamination)[T.0.1_lower],3.8613861386330446e-05,0.006735832641879919,0.0057326040356539525,0.9954260687987614,-0.013163375522587594,0.013240603245360255
MedianMAD,C(N)[T.30]:C(Contamination)[T.0.1_lower],0.004462046204620535,0.006233266424025981,0.7158439734617601,0.47408769652625005,-0.007754931492513162,0.01667902390175423
MedianMAD,C(N)[T.40]:C(Contamination)[T.0.1_lower],0.0031128712871288313,0.0059675870316652216,0.5216298096050058,0.6019281039320256,-0.008583384369543291,0.014809126943800953
MedianMAD,C(N)[T.50]:C(Contamination)[T.0.1_lower],0.0021264026402642794,0.005918976938782969,0.3592517190481739,0.7194067892561271,-0.009474578985073482,0.013727384265602039
MedianMAD,C(N)[T.75]:C(Contamination)[T.0.1_lower],0.0015353135313533432,0.00630738724927065,0.24341513699367007,0.8076838187683058,-0.010826938313764292,0.013897565376470978
MedianMAD,C(N)[T.100]:C(Contamination)[T.0.1_lower],0.0024300330033004643,0.0070510737240442505,0.3446330443282732,0.73037026024746,-0.011389817548162982,0.01624988355476391
MedianMAD,C(N)[T.200]:C(Contamination)[T.0.1_lower],0.0003594059405943465,0.008987755884482428,0.03998839590368373,0.9681023776217568,-0.017256271894829152,0.017975083776017843
MedianMAD,C(N)[T.15]:C(Contamination)[T.0.1_upper],-0.004388118811880985,0.011463622534274263,-0.3827864009619353,0.7018781454136864,-0.026856406111420324,0.018080168487658352
MedianMAD,C(N)[T.20]:C(Contamination)[T.0.1_upper],-0.024142574257425855,0.010598091101212449,-2.2780115802801397,0.022725887653155943,-0.0449144511206767,-0.0033706973941750144
MedianMAD,C(N)[T.25]:C(Contamination)[T.0.1_upper],-0.03661287128712847,0.009957440659647388,-3.6769359254635017,0.00023605230228566847,-0.056129096358232114,-0.017096646216024834
MedianMAD,C(N)[T.30]:C(Contamination)[T.0.1_upper],-0.03773069306930689,0.009470142162853206,-3.9841738825533346,6.771527828526115e-05,-0.05629183063697342,-0.019169555501640356
MedianMAD,C(N)[T.40]:C(Contamination)[T.0.1_upper],-0.04826336633663341,0.009277953425106582,-5.201941001991932,1.9721783910538062e-07,-0.06644782090008235,-0.03007891177318447
MedianMAD,C(N)[T.50]:C(Contamination)[T.0.1_upper],-0.054244554455445244,0.009367983493393935,-5.7904195170387665,7.021083563393938e-09,-0.07260546471026308,-0.03588364420062741
MedianMAD,C(N)[T.75]:C(Contamination)[T.0.1_upper],-0.06398547854785445,0.010460159036078746,-6.117065555806408,9.531416379639207e-10,-0.08448701353113,-0.04348394356457891
MedianMAD,C(N)[T.100]:C(Contamination)[T.0.1_upper],-0.06896831683168281,0.01135892810221701,-6.07172756188339,1.265414815291766e-09,-0.09123140681500805,-0.04670522684835757
MedianMAD,C(N)[T.200]:C(Contamination)[T.0.1_upper],-0.078248844884488,0.013614679338327888,-5.747388017006229,9.063258471149199e-09,-0.10493312604867228,-0.05156456372030372
MedianMAD,C(distribution)[T.Compressed Normal]:C(Contamination)[T.0.01_upper],-0.01101386138613867,0.006528090190630599,-1.6871490841144083,0.09157468890113886,-0.02380868304760386,0.00178096027532652
MedianMAD,C(distribution)[T.Left-skewed]:C(Contamination)[T.0.01_upper],-0.007569504950495048,0.005502523803647074,-1.3756423816791084,0.1689323785656247,-0.01835425342971766,0.0032152435287275656
MedianMAD,C(distribution)[T.Normal]:C(Contamination)[T.0.01_upper],0.006442772277227657,0.005525562597517426,1.1659938989963345,0.24361691219223014,-0.0043871314082280875,0.0172726759626834
MedianMAD,C(distribution)[T.Right-skewed]:C(Contamination)[T.0.01_upper],0.014290495049504892,0.006535972292141563,2.186437520043785,0.02878361111765728,0.0014802247529557243,0.02710076534605406
MedianMAD,C(distribution)[T.Uniform]:C(Contamination)[T.0.01_upper],-0.00028118811881196713,0.006515450841542912,-0.04315712383540592,0.9655762834441904,-0.01305123711127726,0.012488860873653326
MedianMAD,C(distribution)[T.Compressed Normal]:C(Contamination)[T.0.05_lower],-0.0016077227722772285,0.006986665081186515,-0.2301130444346698,0.8180039288695609,-0.015301334703446412,0.012085889158891954
MedianMAD,C(distribution)[T.Left-skewed]:C(Contamination)[T.0.05_lower],-0.0015114851485147469,0.004997925716871756,-0.30242249167736696,0.7623300110966046,-0.01130723955098992,0.008284269253960426
MedianMAD,C(distribution)[T.Normal]:C(Contamination)[T.0.05_lower],-0.0009455445544560377,0.005071062742322145,-0.18645885537260248,0.8520849416521498,-0.010884644892750362,0.008993555783838286
MedianMAD,C(distribution)[T.Right-skewed]:C(Contamination)[T.0.05_lower],-0.0012376237623758157,0.0054130254258191795,-0.22863808406895114,0.8191502216952734,-0.011846958644380998,0.009371711119629367
MedianMAD,C(distribution)[T.Uniform]:C(Contamination)[T.0.05_lower],0.0006710891089108833,0.006319645290788039,0.10619094554074263,0.9154308547389473,-0.01171518805610183,0.013057366273923596
MedianMAD,C(distribution)[T.Compressed Normal]:C(Contamination)[T.0.05_upper],-0.06651465346534659,0.009063932461505072,-7.338388028357151,2.1618165725284435e-13,-0.08427963464820001,-0.04874967228249316
MedianMAD,C(distribution)[T.Left-skewed]:C(Contamination)[T.0.05_upper],-0.042860198019802,0.00628012961797227,-6.824731435024221,8.808995465976108e-12,-0.055169025889270945,-0.030551370150333063
MedianMAD,C(distribution)[T.Normal]:C(Contamination)[T.0.05_upper],0.0030623762376235973,0.006192510787326934,0.4945290113811019,0.6209326227541095,-0.009074721879412967,0.01519947435466016
MedianMAD,C(distribution)[T.Right-skewed]:C(Contamination)[T.0.05_upper],0.02334950495049517,0.0067143363231085456,3.4775596316398127,0.0005060004842198565,0.010189647577113327,0.03650936232387701
MedianMAD,C(distribution)[T.Uniform]:C(Contamination)[T.0.05_upper],0.007251287128712607,0.008305131668565143,0.8731092315078726,0.3826035426222548,-0.00902647182853812,0.02352904608596333
MedianMAD,C(distribution)[T.Compressed Normal]:C(Contamination)[T.0.0_clean],-0.0004574257425745262,0.006956055065076781,-0.06575936192211226,0.94756941065878,-0.014091043144602439,0.013176191659453385
MedianMAD,C(distribution)[T.Left-skewed]:C(Contamination)[T.0.0_clean],-0.0007756435643566728,0.004969879604439098,-0.15606888417656392,0.8759787246127435,-0.010516428596557475,0.008965141467844127
MedianMAD,C(distribution)[T.Normal]:C(Contamination)[T.0.0_clean],-0.000376039603959954,0.0050627087539704225,-0.07427636513063199,0.9407904829664147,-0.010298766425957635,0.009546687218037728
MedianMAD,C(distribution)[T.Right-skewed]:C(Contamination)[T.0.0_clean],-0.00027188118811891223,0.00532757512457489,-0.05103282107929108,0.9592993671738171,-0.010713736557217189,0.010169974180979363
MedianMAD,C(distribution)[T.Uniform]:C(Contamination)[T.0.0_clean],7.801980197996478e-05,0.006212413625984982,0.012558694040208035,0.9899798753191702,-0.012098087162016484,0.012254126765976415
MedianMAD,C(distribution)[T.Compressed Normal]:C(Contamination)[T.0.1_lower],-0.0034534653465347082,0.006925617117496201,-0.49865091990289373,0.6180253262686263,-0.017027425467541366,0.01012049477447195
MedianMAD,C(distribution)[T.Left-skewed]:C(Contamination)[T.0.1_lower],-0.001203960396039829,0.0049497239717831015,-0.24323788617370337,0.8078211190743722,-0.010905241114149259,0.0084973203220696
MedianMAD,C(distribution)[T.Normal]:C(Contamination)[T.0.1_lower],-0.0009659405940594017,0.005071782639829772,-0.19045386260713695,0.8489534937176682,-0.010906451905541237,0.008974570717422432
MedianMAD,C(distribution)[T.Right-skewed]:C(Contamination)[T.0.1_lower],-0.00146970297029703,0.0053449475954724535,-0.2749705107571067,0.7833388943306284,-0.011945607756677001,0.009006201816082941
MedianMAD,C(distribution)[T.Uniform]:C(Contamination)[T.0.1_lower],-0.0008720792079210296,0.006263861399570358,-0.13922389917197817,0.8892732236075269,-0.013149021955229587,0.011404863539387529
MedianMAD,C(distribution)[T.Compressed Normal]:C(Contamination)[T.0.1_upper],-0.08605960396039625,0.009877263260995514,-8.712899685506857,2.9619875033055734e-18,-0.10541868421776811,-0.06670052370302439
MedianMAD,C(distribution)[T.Left-skewed]:C(Contamination)[T.0.1_upper],-0.05443920792079232,0.006625665302161537,-8.216413814780568,2.0967903594527764e-16,-0.06742527328664563,-0.04145314255493901
MedianMAD,C(distribution)[T.Normal]:C(Contamination)[T.0.1_upper],3.564356435618171e-05,0.006683850205080676,0.005332789225151626,0.9957450699786498,-0.013064462115662598,0.013135749244374962
MedianMAD,C(distribution)[T.Right-skewed]:C(Contamination)[T.0.1_upper],0.02962356435643563,0.007331512014664977,4.040580482877285,5.331906277867074e-05,0.015254064855469582,0.043993063857401676
MedianMAD,C(distribution)[T.Uniform]:C(Contamination)[T.0.1_upper],0.00407168316831642,0.008870373461691871,0.45902048948678836,0.6462194524319791,-0.013313929346019535,0.021457295682652373
MedianMAD,C(CE)[T.15.0]:C(Contamination)[T.0.01_upper],0.0015557755775576615,0.0055226120866100825,0.281710095360443,0.7781658129085429,-0.009268345212783698,0.012379896367899022
MedianMAD,C(CE)[T.20.0]:C(Contamination)[T.0.01_upper],0.000367326732673278,0.005142042145523295,0.0714359630430248,0.9430507883394088,-0.009710890679539449,0.010445544144886004
MedianMAD,C(CE)[T.25.0]:C(Contamination)[T.0.01_upper],-0.0003531353135313286,0.00520241677210245,-0.06787908946953056,0.9458818845397851,-0.010549684819419253,0.009843414192356596
MedianMAD,C(CE)[T.30.0]:C(Contamination)[T.0.01_upper],0.0009326732673267312,0.005756812761166164,0.1620120900263219,0.8712963331875512,-0.010350472410299533,0.012215818944952998
MedianMAD,C(CE)[T.15.0]:C(Contamination)[T.0.05_lower],0.002264521452144945,0.0050438456864067525,0.44896723510948555,0.6534552926907173,-0.007621234436789998,0.012150277341079888
MedianMAD,C(CE)[T.20.0]:C(Contamination)[T.0.05_lower],0.0020513201320133314,0.004675396930171061,0.43874780315995093,0.6608442852844375,-0.007112289464551077,0.01121492972857774
MedianMAD,C(CE)[T.25.0]:C(Contamination)[T.0.05_lower],0.001697194719472203,0.00476101766014839,0.3564772997332896,0.7214831491998435,-0.0076342284241778,0.011028617863122207
MedianMAD,C(CE)[T.30.0]:C(Contamination)[T.0.05_lower],0.002358910891089254,0.005357748930650867,0.44028022246325943,0.6597341631778284,-0.008142084051194431,0.012859905833372941
MedianMAD,C(CE)[T.15.0]:C(Contamination)[T.0.05_upper],-0.0018379537953795927,0.006582866005644213,-0.2792026746106807,0.7800892911845043,-0.014740134081495295,0.011064226490736108
MedianMAD,C(CE)[T.20.0]:C(Contamination)[T.0.05_upper],-0.00035709570957081637,0.006267278383142768,-0.056977796060775646,0.9545628825776853,-0.012640735621617064,0.01192654420247543
MedianMAD,C(CE)[T.25.0]:C(Contamination)[T.0.05_upper],-0.0003561056105608404,0.006277266137990052,-0.05672941097808282,0.9547607451624395,-0.012659321162394179,0.011947109941272498
MedianMAD,C(CE)[T.30.0]:C(Contamination)[T.0.05_upper],0.001130198019802067,0.0067640925425324246,0.16708790021653508,0.8673008864063497,-0.012127179751657448,0.014387575791261582
MedianMAD,C(CE)[T.15.0]:C(Contamination)[T.0.0_clean],-3.828382838262558e-05,0.004971741607015164,-0.007700285213657689,0.9938561220305557,-0.009782718318571637,0.009706150661806388
MedianMAD,C(CE)[T.20.0]:C(Contamination)[T.0.0_clean],0.00032887788778889816,0.004694652469561537,0.07005372387439238,0.9441508991612656,-0.008872471872483736,0.009530227648061532
MedianMAD,C(CE)[T.25.0]:C(Contamination)[T.0.0_clean],0.001112871287129016,0.004783093848233473,0.23266766708749187,0.816019478141239,-0.008261820390083682,0.010487562964341715
MedianMAD,C(CE)[T.30.0]:C(Contamination)[T.0.0_clean],0.0017669966996699715,0.005358152777448767,0.329777214846664,0.7415683050687385,-0.008734789767792872,0.012268783167132815
MedianMAD,C(CE)[T.15.0]:C(Contamination)[T.0.1_lower],0.0010447194719473045,0.005017018462261232,0.2082351260625891,0.8350453830480921,-0.008788456023857236,0.010877894967751843
MedianMAD,C(CE)[T.20.0]:C(Contamination)[T.0.1_lower],0.000980198019801992,0.004675986819867545,0.20962377730349496,0.8339613203310343,-0.00818456773932238,0.010144963778926363
MedianMAD,C(CE)[T.25.0]:C(Contamination)[T.0.1_lower],0.0004762376237625126,0.004773512780752524,0.09976670130281619,0.9205295446291635,-0.008879675506254077,0.009832150753779103
MedianMAD,C(CE)[T.30.0]:C(Contamination)[T.0.1_lower],0.0010237623762377386,0.005380439957278306,0.1902748445046506,0.8490937647202825,-0.009521706161007969,0.011569230913483445
MedianMAD,C(CE)[T.15.0]:C(Contamination)[T.0.1_upper],-0.004708415841584287,0.006904689772870473,-0.6819156249545542,0.4952923047636808,-0.01824135912083246,0.008824527437663885
MedianMAD,C(CE)[T.20.0]:C(Contamination)[T.0.1_upper],-0.00034389438943873123,0.006633090371443896,-0.05184527425093291,0.9586519804011899,-0.013344512623668175,0.012656723844790715
MedianMAD,C(CE)[T.25.0]:C(Contamination)[T.0.1_upper],-0.00035181518151790325,0.006569848607696159,-0.05354996781901096,0.9572937191689,-0.013228481836482993,0.012524851473447186
MedianMAD,C(CE)[T.30.0]:C(Contamination)[T.0.1_upper],0.00548877887788786,0.00713624471813403,0.7691410671414103,0.4418095711106851,-0.008498003754519028,0.019475561510294746
